value,time
0.00,0
0.00,1
0.00,2
0.00,3
0.00,4
0.00,5
0.00,6
0.00,7
0.00,8
0.00,9
0.00,10
0.00,11
0.00,12
0.00,13
0.00,14
0.00,15
0.00,16
0.00,17
0.00,18
0.00,19
0.00,20
0.00,21
0.00,22
0.00,23
0.00,24
0.00,25
0.00,26
0.00,27
0.00,28
0.00,29
0.00,30
0.00,31
0.00,32
0.00,33
0.00,34
0.00,35
0.00,36
0.00,37
0.00,38
0.00,39
0.00,40
0.00,41
0.00,42
0.00,43
0.00,44
0.00,45
0.00,46
0.00,47
0.00,48
0.00,49
0.00,50
0.00,51
0.00,52
0.00,53
0.00,54
0.00,55
0.00,56
0.00,57
0.00,58
0.00,59
0.00,60
0.00,61
0.00,62
0.00,63
0.00,64
0.00,65
0.00,66
0.00,67
0.00,68
0.00,69
0.00,70
0.00,71
0.00,72
0.00,73
0.00,74
0.00,75
0.00,76
0.00,77
0.00,78
0.00,79
0.00,80
0.00,81
0.00,82
0.00,83
0.00,84
0.00,85
0.00,86
0.00,87
0.00,88
0.00,89
0.00,90
0.00,91
0.00,92
0.00,93
0.00,94
0.00,95
0.00,96
0.00,97
0.00,98
0.00,99
0.00,100
0.00,101
0.00,102
0.00,103
0.00,104
0.00,105
0.00,106
0.00,107
0.00,108
0.00,109
0.00,110
0.00,111
0.00,112
0.00,113
0.00,114
0.00,115
0.00,116
0.00,117
0.00,118
0.00,119
0.00,120
0.00,121
0.00,122
0.00,123
0.00,124
0.00,125
0.00,126
0.00,127
0.00,128
0.00,129
0.00,130
0.00,131
0.00,132
0.00,133
0.00,134
0.00,135
0.00,136
0.00,137
0.00,138
0.00,139
0.00,140
0.00,141
0.00,142
0.00,143
0.00,144
0.00,145
0.00,146
0.00,147
0.00,148
0.00,149
0.00,150
0.00,151
0.00,152
0.00,153
0.00,154
0.00,155
0.00,156
0.00,157
0.00,158
0.00,159
0.00,160
0.00,161
0.00,162
0.00,163
0.00,164
0.00,165
0.00,166
0.00,167
0.00,168
0.00,169
0.00,170
0.00,171
0.00,172
0.00,173
0.00,174
0.00,175
0.00,176
0.00,177
0.00,178
0.00,179
0.00,180
0.00,181
0.00,182
0.00,183
0.00,184
0.00,185
0.00,186
0.00,187
0.00,188
0.00,189
0.00,190
0.00,191
0.00,192
0.00,193
0.00,194
0.00,195
0.00,196
0.00,197
0.00,198
0.00,199
0.00,200
0.00,201
0.00,202
0.00,203
0.00,204
0.00,205
0.00,206
0.00,207
0.00,208
0.00,209
0.00,210
0.00,211
0.00,212
0.00,213
0.00,214
0.00,215
0.00,216
0.00,217
0.00,218
0.00,219
0.00,220
0.00,221
0.00,222
0.00,223
0.00,224
0.00,225
0.00,226
0.00,227
0.00,228
0.00,229
0.00,230
0.00,231
0.00,232
0.00,233
0.00,234
0.00,235
0.00,236
0.00,237
0.00,238
0.00,239
0.00,240
0.00,241
0.00,242
0.00,243
0.00,244
0.00,245
1.00,246
0.00,247
0.00,248
0.00,249
0.00,250
0.00,251
0.00,252
0.00,253
0.00,254
0.00,255
0.00,256
0.00,257
0.00,258
0.00,259
0.00,260
0.00,261
0.00,262
0.00,263
0.00,264
0.00,265
0.00,266
0.00,267
0.00,268
0.00,269
0.00,270
0.00,271
0.00,272
0.00,273
0.00,274
0.00,275
0.00,276
0.00,277
0.00,278
0.00,279
0.00,280
0.00,281
0.00,282
0.00,283
0.00,284
0.00,285
0.00,286
0.00,287
0.00,288
0.00,289
0.00,290
0.00,291
0.00,292
0.00,293
0.00,294
0.00,295
0.00,296
0.00,297
0.00,298
0.00,299
0.00,300
0.00,301
0.00,302
0.00,303
0.00,304
0.00,305
0.00,306
0.00,307
0.00,308
0.00,309
0.00,310
0.00,311
0.00,312
0.00,313
0.00,314
0.00,315
0.00,316
0.00,317
0.00,318
0.00,319
0.00,320
0.00,321
0.00,322
0.00,323
0.00,324
0.00,325
0.00,326
0.00,327
0.00,328
0.00,329
0.00,330
0.00,331
0.00,332
0.00,333
0.00,334
0.00,335
0.00,336
0.00,337
0.00,338
0.00,339
0.00,340
0.00,341
0.00,342
0.00,343
0.00,344
0.00,345
0.00,346
0.00,347
0.00,348
0.00,349
0.00,350
0.00,351
0.00,352
0.00,353
0.00,354
0.00,355
0.00,356
0.00,357
0.00,358
0.00,359
0.00,360
0.00,361
0.00,362
0.00,363
0.00,364
0.00,365
0.00,366
0.00,367
0.00,368
0.00,369
0.00,370
0.00,371
0.00,372
0.00,373
0.00,374
0.00,375
0.00,376
0.00,377
0.00,378
0.00,379
0.00,380
0.00,381
0.00,382
0.00,383
0.00,384
0.00,385
0.00,386
0.00,387
0.00,388
0.00,389
0.00,390
0.00,391
0.00,392
0.00,393
0.00,394
0.00,395
0.00,396
0.00,397
0.00,398
0.00,399
0.00,400
0.00,401
0.00,402
0.00,403
0.00,404
0.00,405
0.00,406
0.00,407
0.00,408
0.00,409
0.00,410
0.00,411
0.00,412
0.00,413
0.00,414
0.00,415
0.00,416
0.00,417
0.00,418
0.00,419
0.00,420
0.00,421
0.00,422
0.00,423
0.00,424
0.00,425
0.00,426
0.00,427
0.00,428
0.00,429
0.00,430
0.00,431
0.00,432
0.00,433
0.00,434
0.00,435
0.00,436
0.00,437
0.00,438
0.00,439
0.00,440
0.00,441
0.00,442
0.00,443
0.00,444
0.00,445
0.00,446
0.00,447
0.00,448
0.00,449
0.00,450
0.00,451
0.00,452
0.00,453
0.00,454
0.00,455
0.00,456
0.00,457
0.00,458
0.00,459
0.00,460
0.00,461
0.00,462
0.00,463
0.00,464
0.00,465
0.00,466
0.00,467
0.00,468
0.00,469
0.00,470
0.00,471
0.00,472
0.00,473
0.00,474
0.00,475
0.00,476
0.00,477
0.00,478
3.00,479
0.00,480
0.00,481
0.00,482
0.00,483
0.00,484
0.00,485
0.00,486
0.00,487
0.00,488
0.00,489
0.00,490
0.00,491
0.00,492
0.00,493
0.00,494
0.00,495
0.00,496
0.00,497
0.00,498
0.00,499
0.00,500
0.00,501
0.00,502
0.00,503
0.00,504
0.00,505
0.00,506
0.00,507
0.00,508
0.00,509
0.00,510
0.00,511
0.00,512
0.00,513
0.00,514
0.00,515
0.00,516
0.00,517
0.00,518
0.00,519
0.00,520
0.00,521
0.00,522
0.00,523
0.00,524
0.00,525
0.00,526
0.00,527
0.00,528
0.00,529
0.00,530
0.00,531
0.00,532
0.00,533
0.00,534
0.00,535
0.00,536
0.00,537
0.00,538
0.00,539
0.00,540
0.00,541
0.00,542
0.00,543
0.00,544
0.00,545
0.00,546
0.00,547
0.00,548
0.00,549
0.00,550
0.00,551
0.00,552
0.00,553
0.00,554
0.00,555
0.00,556
0.00,557
0.00,558
0.00,559
0.00,560
0.00,561
0.00,562
0.00,563
0.00,564
0.00,565
0.00,566
0.00,567
0.00,568
0.00,569
0.00,570
0.00,571
0.00,572
0.00,573
0.00,574
0.00,575
0.00,576
0.00,577
0.00,578
0.00,579
0.00,580
0.00,581
0.00,582
0.00,583
0.00,584
0.00,585
0.00,586
0.00,587
0.00,588
0.00,589
0.00,590
0.00,591
0.00,592
0.00,593
0.00,594
0.00,595
0.00,596
0.00,597
0.00,598
0.00,599
0.00,600
0.00,601
0.00,602
0.00,603
0.00,604
0.00,605
0.00,606
0.00,607
0.00,608
0.00,609
0.00,610
0.00,611
0.00,612
0.00,613
0.00,614
0.00,615
0.00,616
0.00,617
0.00,618
0.00,619
0.00,620
0.00,621
0.00,622
0.00,623
0.00,624
0.00,625
0.00,626
0.00,627
0.00,628
0.00,629
0.00,630
0.00,631
0.00,632
0.00,633
0.00,634
0.00,635
0.00,636
0.00,637
0.00,638
0.00,639
0.00,640
0.00,641
0.00,642
0.00,643
0.00,644
0.00,645
0.00,646
0.00,647
0.00,648
0.00,649
0.00,650
0.00,651
0.00,652
0.00,653
0.00,654
0.00,655
0.00,656
0.00,657
0.00,658
0.00,659
0.00,660
0.00,661
0.00,662
0.00,663
0.00,664
0.00,665
0.00,666
0.00,667
0.00,668
0.00,669
0.00,670
0.00,671
0.00,672
0.00,673
0.00,674
0.00,675
0.00,676
0.00,677
0.00,678
0.00,679
0.00,680
0.00,681
0.00,682
0.00,683
0.00,684
0.00,685
0.00,686
0.00,687
0.00,688
0.00,689
0.00,690
0.00,691
0.00,692
0.00,693
0.00,694
0.00,695
0.00,696
0.00,697
0.00,698
0.00,699
0.00,700
0.00,701
0.00,702
0.00,703
0.00,704
0.00,705
0.00,706
0.00,707
0.00,708
0.00,709
0.00,710
0.00,711
0.00,712
0.00,713
0.00,714
0.00,715
0.00,716
0.00,717
0.00,718
0.00,719
0.00,720
0.00,721
0.00,722
0.00,723
0.00,724
0.00,725
0.00,726
0.00,727
0.00,728
0.00,729
0.00,730
0.00,731
0.00,732
0.00,733
0.00,734
0.00,735
0.00,736
0.00,737
0.00,738
0.00,739
0.00,740
0.00,741
0.00,742
0.00,743
0.00,744
0.00,745
0.00,746
0.00,747
0.00,748
0.00,749
0.00,750
0.00,751
0.00,752
0.00,753
0.00,754
0.00,755
0.00,756
0.00,757
0.00,758
0.00,759
0.00,760
0.00,761
0.00,762
0.00,763
0.00,764
0.00,765
0.00,766
0.00,767
0.00,768
0.00,769
0.00,770
0.00,771
0.00,772
0.00,773
0.00,774
0.00,775
0.00,776
0.00,777
0.00,778
0.00,779
0.00,780
0.00,781
0.00,782
0.00,783
0.00,784
0.00,785
0.00,786
0.00,787
0.00,788
0.00,789
0.00,790
0.00,791
0.00,792
0.00,793
0.00,794
0.00,795
0.00,796
0.00,797
0.00,798
0.00,799
0.00,800
0.00,801
0.00,802
0.00,803
0.00,804
0.00,805
0.00,806
0.00,807
0.00,808
0.00,809
0.00,810
0.00,811
0.00,812
0.00,813
0.00,814
0.00,815
0.00,816
0.00,817
0.00,818
0.00,819
0.00,820
0.00,821
0.00,822
0.00,823
0.00,824
0.00,825
0.00,826
0.00,827
0.00,828
0.00,829
0.00,830
0.00,831
0.00,832
0.00,833
0.00,834
0.00,835
0.00,836
0.00,837
0.00,838
0.00,839
0.00,840
0.00,841
0.00,842
0.00,843
0.00,844
0.00,845
0.00,846
0.00,847
0.00,848
0.00,849
0.00,850
0.00,851
0.00,852
0.00,853
0.00,854
0.00,855
0.00,856
0.00,857
0.00,858
0.00,859
0.00,860
0.00,861
0.00,862
0.00,863
0.00,864
0.00,865
0.00,866
0.00,867
0.00,868
0.00,869
3.00,870
0.00,871
0.00,872
0.00,873
0.00,874
0.00,875
0.00,876
0.00,877
0.00,878
0.00,879
0.00,880
0.00,881
0.00,882
0.00,883
0.00,884
0.00,885
0.00,886
0.00,887
0.00,888
0.00,889
0.00,890
0.00,891
0.00,892
0.00,893
0.00,894
0.00,895
0.00,896
0.00,897
0.00,898
0.00,899
0.00,900
0.00,901
0.00,902
0.00,903
0.00,904
0.00,905
0.00,906
0.00,907
0.00,908
0.00,909
0.00,910
0.00,911
0.00,912
0.00,913
0.00,914
0.00,915
0.00,916
0.00,917
0.00,918
0.00,919
0.00,920
0.00,921
0.00,922
0.00,923
0.00,924
0.00,925
0.00,926
0.00,927
0.00,928
0.00,929
0.00,930
0.00,931
0.00,932
0.00,933
0.00,934
0.00,935
0.00,936
0.00,937
0.00,938
0.00,939
0.00,940
0.00,941
0.00,942
0.00,943
0.00,944
0.00,945
0.00,946
0.00,947
0.00,948
0.00,949
0.00,950
0.00,951
0.00,952
12.00,953
13.00,954
17.00,955
13.00,956
16.00,957
11.00,958
18.00,959
13.00,960
17.00,961
21.00,962
21.00,963
16.00,964
18.00,965
14.00,966
17.00,967
13.00,968
16.00,969
13.00,970
21.00,971
17.00,972
21.00,973
20.00,974
22.00,975
21.00,976
20.00,977
23.00,978
19.00,979
15.00,980
18.00,981
12.00,982
16.00,983
12.00,984
15.00,985
14.00,986
15.00,987
13.00,988
15.00,989
12.00,990
15.00,991
13.00,992
17.00,993
12.00,994
17.00,995
16.00,996
20.00,997
22.00,998
21.00,999
26.00,1000
13.00,1001
22.00,1002
15.00,1003
17.00,1004
20.00,1005
12.00,1006
19.00,1007
14.00,1008
18.00,1009
14.00,1010
14.00,1011
21.00,1012
15.00,1013
20.00,1014
17.00,1015
15.00,1016
22.00,1017
12.00,1018
20.00,1019
16.00,1020
16.00,1021
20.00,1022
12.00,1023
22.00,1024
15.00,1025
18.00,1026
21.00,1027
14.00,1028
21.00,1029
13.00,1030
18.00,1031
16.00,1032
14.00,1033
22.00,1034
13.00,1035
22.00,1036
18.00,1037
15.00,1038
21.00,1039
11.00,1040
21.00,1041
17.00,1042
16.00,1043
20.00,1044
16.00,1045
20.00,1046
15.00,1047
19.00,1048
18.00,1049
15.00,1050
21.00,1051
12.00,1052
19.00,1053
18.00,1054
13.00,1055
22.00,1056
13.00,1057
17.00,1058
18.00,1059
15.00,1060
21.00,1061
14.00,1062
24.00,1063
15.00,1064
18.00,1065
20.00,1066
14.00,1067
27.00,1068
13.00,1069
19.00,1070
19.00,1071
16.00,1072
28.00,1073
14.00,1074
21.00,1075
15.00,1076
16.00,1077
20.00,1078
12.00,1079
21.00,1080
14.00,1081
17.00,1082
21.00,1083
14.00,1084
20.00,1085
14.00,1086
17.00,1087
15.00,1088
15.00,1089
21.00,1090
12.00,1091
18.00,1092
16.00,1093
14.00,1094
22.00,1095
15.00,1096
20.00,1097
17.00,1098
15.00,1099
21.00,1100
13.00,1101
21.00,1102
15.00,1103
16.00,1104
18.00,1105
15.00,1106
24.00,1107
16.00,1108
21.00,1109
20.00,1110
15.00,1111
16.00,1112
15.00,1113
20.00,1114
13.00,1115
21.00,1116
14.00,1117
22.00,1118
0.00,1119
0.00,1120
0.00,1121
0.00,1122
0.00,1123
0.00,1124
0.00,1125
0.00,1126
0.00,1127
0.00,1128
0.00,1129
0.00,1130
0.00,1131
0.00,1132
0.00,1133
0.00,1134
0.00,1135
0.00,1136
0.00,1137
0.00,1138
0.00,1139
0.00,1140
0.00,1141
0.00,1142
0.00,1143
0.00,1144
0.00,1145
0.00,1146
0.00,1147
0.00,1148
0.00,1149
0.00,1150
0.00,1151
0.00,1152
0.00,1153
0.00,1154
0.00,1155
0.00,1156
0.00,1157
0.00,1158
0.00,1159
0.00,1160
0.00,1161
0.00,1162
0.00,1163
0.00,1164
0.00,1165
0.00,1166
0.00,1167
0.00,1168
0.00,1169
0.00,1170
0.00,1171
0.00,1172
0.00,1173
0.00,1174
0.00,1175
0.00,1176
0.00,1177
0.00,1178
0.00,1179
0.00,1180
0.00,1181
0.00,1182
0.00,1183
0.00,1184
0.00,1185
0.00,1186
0.00,1187
0.00,1188
0.00,1189
0.00,1190
0.00,1191
0.00,1192
0.00,1193
0.00,1194
0.00,1195
0.00,1196
0.00,1197
0.00,1198
0.00,1199
0.00,1200
0.00,1201
0.00,1202
0.00,1203
0.00,1204
0.00,1205
0.00,1206
0.00,1207
0.00,1208
0.00,1209
0.00,1210
0.00,1211
0.00,1212
0.00,1213
0.00,1214
0.00,1215
0.00,1216
0.00,1217
0.00,1218
0.00,1219
0.00,1220
0.00,1221
0.00,1222
0.00,1223
0.00,1224
0.00,1225
0.00,1226
0.00,1227
0.00,1228
0.00,1229
0.00,1230
0.00,1231
0.00,1232
0.00,1233
0.00,1234
0.00,1235
0.00,1236
0.00,1237
0.00,1238
0.00,1239
0.00,1240
0.00,1241
0.00,1242
0.00,1243
0.00,1244
0.00,1245
0.00,1246
0.00,1247
0.00,1248
0.00,1249
0.00,1250
0.00,1251
0.00,1252
0.00,1253
0.00,1254
0.00,1255
0.00,1256
0.00,1257
0.00,1258
0.00,1259
0.00,1260
0.00,1261
0.00,1262
0.00,1263
0.00,1264
0.00,1265
0.00,1266
0.00,1267
0.00,1268
0.00,1269
0.00,1270
0.00,1271
0.00,1272
0.00,1273
0.00,1274
0.00,1275
0.00,1276
0.00,1277
0.00,1278
0.00,1279
0.00,1280
0.00,1281
0.00,1282
0.00,1283
0.00,1284
0.00,1285
0.00,1286
0.00,1287
0.00,1288
0.00,1289
0.00,1290
0.00,1291
0.00,1292
0.00,1293
0.00,1294
0.00,1295
0.00,1296
0.00,1297
22.00,1298
14.00,1299
23.00,1300
16.00,1301
18.00,1302
22.00,1303
15.00,1304
21.00,1305
15.00,1306
19.00,1307
18.00,1308
15.00,1309
22.00,1310
14.00,1311
20.00,1312
19.00,1313
17.00,1314
22.00,1315
15.00,1316
21.00,1317
16.00,1318
15.00,1319
19.00,1320
14.00,1321
21.00,1322
14.00,1323
28.00,1324
19.00,1325
12.00,1326
22.00,1327
12.00,1328
17.00,1329
17.00,1330
13.00,1331
22.00,1332
10.00,1333
20.00,1334
13.00,1335
16.00,1336
22.00,1337
14.00,1338
20.00,1339
16.00,1340
17.00,1341
22.00,1342
16.00,1343
23.00,1344
13.00,1345
19.00,1346
19.00,1347
16.00,1348
23.00,1349
15.00,1350
21.00,1351
19.00,1352
15.00,1353
24.00,1354
15.00,1355
21.00,1356
15.00,1357
17.00,1358
21.00,1359
15.00,1360
23.00,1361
14.00,1362
17.00,1363
19.00,1364
14.00,1365
20.00,1366
13.00,1367
18.00,1368
17.00,1369
14.00,1370
22.00,1371
11.00,1372
21.00,1373
17.00,1374
15.00,1375
21.00,1376
13.00,1377
20.00,1378
17.00,1379
18.00,1380
21.00,1381
15.00,1382
22.00,1383
15.00,1384
15.00,1385
19.00,1386
14.00,1387
23.00,1388
15.00,1389
20.00,1390
18.00,1391
22.00,1392
22.00,1393
13.00,1394
22.00,1395
19.00,1396
18.00,1397
23.00,1398
15.00,1399
24.00,1400
16.00,1401
20.00,1402
20.00,1403
15.00,1404
22.00,1405
14.00,1406
19.00,1407
21.00,1408
16.00,1409
23.00,1410
13.00,1411
22.00,1412
18.00,1413
17.00,1414
16.00,1415
20.00,1416
22.00,1417
15.00,1418
24.00,1419
17.00,1420
22.00,1421
16.00,1422
23.00,1423
16.00,1424
23.00,1425
15.00,1426
22.00,1427
16.00,1428
17.00,1429
15.00,1430
20.00,1431
18.00,1432
17.00,1433
23.00,1434
19.00,1435
20.00,1436
15.00,1437
22.00,1438
15.00,1439
24.00,1440
16.00,1441
22.00,1442
13.00,1443
17.00,1444
15.00,1445
19.00,1446
19.00,1447
16.00,1448
25.00,1449
21.00,1450
21.00,1451
16.00,1452
24.00,1453
13.00,1454
22.00,1455
15.00,1456
24.00,1457
16.00,1458
18.00,1459
11.00,1460
18.00,1461
16.00,1462
13.00,1463
21.00,1464
20.00,1465
19.00,1466
15.00,1467
24.00,1468
14.00,1469
23.00,1470
14.00,1471
23.00,1472
15.00,1473
19.00,1474
15.00,1475
22.00,1476
19.00,1477
17.00,1478
24.00,1479
20.00,1480
20.00,1481
18.00,1482
24.00,1483
15.00,1484
20.00,1485
12.00,1486
22.00,1487
15.00,1488
19.00,1489
12.00,1490
21.00,1491
17.00,1492
16.00,1493
20.00,1494
19.00,1495
20.00,1496
17.00,1497
21.00,1498
11.00,1499
20.00,1500
15.00,1501
23.00,1502
14.00,1503
22.00,1504
17.00,1505
23.00,1506
15.00,1507
19.00,1508
20.00,1509
23.00,1510
19.00,1511
18.00,1512
22.00,1513
15.00,1514
22.00,1515
13.00,1516
21.00,1517
13.00,1518
21.00,1519
14.00,1520
22.00,1521
14.00,1522
15.00,1523
17.00,1524
20.00,1525
16.00,1526
15.00,1527
20.00,1528
15.00,1529
18.00,1530
14.00,1531
23.00,1532
16.00,1533
23.00,1534
16.00,1535
23.00,1536
15.00,1537
20.00,1538
19.00,1539
24.00,1540
14.00,1541
19.00,1542
21.00,1543
16.00,1544
18.00,1545
16.00,1546
22.00,1547
14.00,1548
22.00,1549
13.00,1550
21.00,1551
12.00,1552
20.00,1553
15.00,1554
24.00,1555
15.00,1556
20.00,1557
18.00,1558
14.00,1559
17.00,1560
17.00,1561
21.00,1562
17.00,1563
22.00,1564
15.00,1565
21.00,1566
13.00,1567
21.00,1568
18.00,1569
23.00,1570
13.00,1571
19.00,1572
19.00,1573
16.00,1574
17.00,1575
16.00,1576
21.00,1577
12.00,1578
20.00,1579
15.00,1580
20.00,1581
14.00,1582
18.00,1583
17.00,1584
23.00,1585
15.00,1586
20.00,1587
19.00,1588
14.00,1589
13.00,1590
16.00,1591
25.00,1592
13.00,1593
24.00,1594
15.00,1595
23.00,1596
14.00,1597
19.00,1598
16.00,1599
22.00,1600
14.00,1601
18.00,1602
19.00,1603
16.00,1604
16.00,1605
17.00,1606
20.00,1607
14.00,1608
27.00,1609
16.00,1610
23.00,1611
15.00,1612
22.00,1613
17.00,1614
23.00,1615
15.00,1616
24.00,1617
20.00,1618
17.00,1619
14.00,1620
17.00,1621
19.00,1622
13.00,1623
0.00,1624
0.00,1625
0.00,1626
0.00,1627
0.00,1628
0.00,1629
0.00,1630
0.00,1631
0.00,1632
0.00,1633
0.00,1634
0.00,1635
0.00,1636
0.00,1637
0.00,1638
0.00,1639
0.00,1640
0.00,1641
0.00,1642
0.00,1643
0.00,1644
0.00,1645
0.00,1646
0.00,1647
0.00,1648
0.00,1649
0.00,1650
0.00,1651
0.00,1652
0.00,1653
0.00,1654
0.00,1655
0.00,1656
0.00,1657
0.00,1658
0.00,1659
0.00,1660
0.00,1661
0.00,1662
0.00,1663
0.00,1664
0.00,1665
0.00,1666
0.00,1667
0.00,1668
0.00,1669
0.00,1670
0.00,1671
0.00,1672
0.00,1673
0.00,1674
0.00,1675
0.00,1676
0.00,1677
0.00,1678
0.00,1679
0.00,1680
0.00,1681
0.00,1682
0.00,1683
0.00,1684
0.00,1685
0.00,1686
0.00,1687
0.00,1688
0.00,1689
0.00,1690
0.00,1691
0.00,1692
0.00,1693
0.00,1694
0.00,1695
0.00,1696
0.00,1697
0.00,1698
0.00,1699
0.00,1700
0.00,1701
0.00,1702
0.00,1703
0.00,1704
0.00,1705
0.00,1706
0.00,1707
0.00,1708
0.00,1709
0.00,1710
0.00,1711
0.00,1712
0.00,1713
0.00,1714
0.00,1715
0.00,1716
0.00,1717
0.00,1718
0.00,1719
0.00,1720
0.00,1721
0.00,1722
0.00,1723
0.00,1724
0.00,1725
0.00,1726
0.00,1727
0.00,1728
0.00,1729
0.00,1730
0.00,1731
0.00,1732
0.00,1733
0.00,1734
0.00,1735
0.00,1736
0.00,1737
0.00,1738
0.00,1739
0.00,1740
0.00,1741
0.00,1742
0.00,1743
0.00,1744
0.00,1745
0.00,1746
0.00,1747
0.00,1748
0.00,1749
0.00,1750
0.00,1751
0.00,1752
0.00,1753
0.00,1754
0.00,1755
0.00,1756
0.00,1757
0.00,1758
0.00,1759
0.00,1760
0.00,1761
0.00,1762
0.00,1763
0.00,1764
0.00,1765
0.00,1766
0.00,1767
0.00,1768
0.00,1769
0.00,1770
0.00,1771
0.00,1772
0.00,1773
0.00,1774
0.00,1775
0.00,1776
0.00,1777
0.00,1778
0.00,1779
0.00,1780
0.00,1781
0.00,1782
0.00,1783
0.00,1784
0.00,1785
0.00,1786
0.00,1787
0.00,1788
0.00,1789
0.00,1790
0.00,1791
0.00,1792
0.00,1793
0.00,1794
0.00,1795
0.00,1796
0.00,1797
0.00,1798
0.00,1799
0.00,1800
0.00,1801
0.00,1802
0.00,1803
12.00,1804
20.00,1805
16.00,1806
16.00,1807
21.00,1808
12.00,1809
21.00,1810
16.00,1811
19.00,1812
18.00,1813
14.00,1814
22.00,1815
16.00,1816
19.00,1817
16.00,1818
13.00,1819
20.00,1820
13.00,1821
17.00,1822
16.00,1823
13.00,1824
22.00,1825
12.00,1826
20.00,1827
16.00,1828
16.00,1829
20.00,1830
12.00,1831
19.00,1832
15.00,1833
16.00,1834
17.00,1835
11.00,1836
21.00,1837
14.00,1838
18.00,1839
18.00,1840
15.00,1841
22.00,1842
12.00,1843
18.00,1844
18.00,1845
15.00,1846
20.00,1847
14.00,1848
22.00,1849
16.00,1850
17.00,1851
20.00,1852
14.00,1853
21.00,1854
15.00,1855
16.00,1856
20.00,1857
13.00,1858
22.00,1859
11.00,1860
19.00,1861
17.00,1862
13.00,1863
19.00,1864
12.00,1865
17.00,1866
14.00,1867
12.00,1868
21.00,1869
12.00,1870
20.00,1871
18.00,1872
15.00,1873
16.00,1874
11.00,1875
18.00,1876
16.00,1877
17.00,1878
17.00,1879
13.00,1880
18.00,1881
15.00,1882
19.00,1883
18.00,1884
14.00,1885
22.00,1886
13.00,1887
19.00,1888
18.00,1889
15.00,1890
21.00,1891
16.00,1892
18.00,1893
12.00,1894
19.00,1895
11.00,1896
19.00,1897
11.00,1898
19.00,1899
14.00,1900
15.00,1901
17.00,1902
18.00,1903
14.00,1904
14.00,1905
19.00,1906
17.00,1907
18.00,1908
15.00,1909
23.00,1910
13.00,1911
20.00,1912
12.00,1913
23.00,1914
14.00,1915
19.00,1916
14.00,1917
20.00,1918
15.00,1919
16.00,1920
19.00,1921
17.00,1922
16.00,1923
14.00,1924
22.00,1925
12.00,1926
17.00,1927
7.00,1928
12.00,1929
18.00,1930
17.00,1931
14.00,1932
19.00,1933
12.00,1934
19.00,1935
15.00,1936
15.00,1937
21.00,1938
13.00,1939
19.00,1940
13.00,1941
20.00,1942
18.00,1943
11.00,1944
22.00,1945
13.00,1946
17.00,1947
15.00,1948
14.00,1949
20.00,1950
11.00,1951
19.00,1952
15.00,1953
12.00,1954
20.00,1955
12.00,1956
18.00,1957
12.00,1958
22.00,1959
12.00,1960
17.00,1961
13.00,1962
19.00,1963
11.00,1964
18.00,1965
0.00,1966
0.00,1967
0.00,1968
0.00,1969
0.00,1970
0.00,1971
0.00,1972
0.00,1973
0.00,1974
0.00,1975
0.00,1976
0.00,1977
0.00,1978
0.00,1979
0.00,1980
0.00,1981
0.00,1982
0.00,1983
0.00,1984
0.00,1985
0.00,1986
0.00,1987
0.00,1988
0.00,1989
0.00,1990
0.00,1991
0.00,1992
0.00,1993
0.00,1994
0.00,1995
0.00,1996
0.00,1997
0.00,1998
0.00,1999
0.00,2000
0.00,2001
0.00,2002
0.00,2003
0.00,2004
0.00,2005
0.00,2006
0.00,2007
0.00,2008
0.00,2009
0.00,2010
0.00,2011
0.00,2012
0.00,2013
0.00,2014
0.00,2015
0.00,2016
0.00,2017
0.00,2018
0.00,2019
0.00,2020
0.00,2021
0.00,2022
0.00,2023
0.00,2024
0.00,2025
0.00,2026
0.00,2027
0.00,2028
0.00,2029
0.00,2030
0.00,2031
0.00,2032
0.00,2033
0.00,2034
0.00,2035
0.00,2036
0.00,2037
0.00,2038
0.00,2039
0.00,2040
0.00,2041
0.00,2042
0.00,2043
0.00,2044
0.00,2045
0.00,2046
0.00,2047
0.00,2048
0.00,2049
0.00,2050
0.00,2051
0.00,2052
0.00,2053
0.00,2054
0.00,2055
0.00,2056
0.00,2057
0.00,2058
0.00,2059
0.00,2060
0.00,2061
0.00,2062
0.00,2063
0.00,2064
0.00,2065
0.00,2066
0.00,2067
0.00,2068
0.00,2069
0.00,2070
0.00,2071
0.00,2072
0.00,2073
0.00,2074
0.00,2075
0.00,2076
0.00,2077
0.00,2078
0.00,2079
0.00,2080
0.00,2081
0.00,2082
0.00,2083
0.00,2084
0.00,2085
0.00,2086
0.00,2087
0.00,2088
0.00,2089
0.00,2090
0.00,2091
0.00,2092
0.00,2093
0.00,2094
0.00,2095
0.00,2096
0.00,2097
0.00,2098
0.00,2099
0.00,2100
0.00,2101
0.00,2102
0.00,2103
0.00,2104
0.00,2105
0.00,2106
0.00,2107
0.00,2108
0.00,2109
0.00,2110
0.00,2111
0.00,2112
0.00,2113
0.00,2114
0.00,2115
0.00,2116
0.00,2117
0.00,2118
0.00,2119
0.00,2120
0.00,2121
0.00,2122
0.00,2123
0.00,2124
0.00,2125
0.00,2126
0.00,2127
0.00,2128
0.00,2129
0.00,2130
0.00,2131
0.00,2132
0.00,2133
0.00,2134
0.00,2135
0.00,2136
0.00,2137
0.00,2138
0.00,2139
0.00,2140
0.00,2141
0.00,2142
0.00,2143
0.00,2144
0.00,2145
15.00,2146
16.00,2147
19.00,2148
12.00,2149
19.00,2150
14.00,2151
13.00,2152
18.00,2153
12.00,2154
23.00,2155
11.00,2156
19.00,2157
18.00,2158
15.00,2159
21.00,2160
13.00,2161
17.00,2162
17.00,2163
14.00,2164
20.00,2165
13.00,2166
18.00,2167
15.00,2168
18.00,2169
22.00,2170
13.00,2171
20.00,2172
13.00,2173
16.00,2174
19.00,2175
11.00,2176
19.00,2177
13.00,2178
17.00,2179
17.00,2180
11.00,2181
20.00,2182
13.00,2183
17.00,2184
17.00,2185
13.00,2186
20.00,2187
11.00,2188
18.00,2189
17.00,2190
10.00,2191
17.00,2192
13.00,2193
19.00,2194
13.00,2195
15.00,2196
18.00,2197
13.00,2198
19.00,2199
15.00,2200
16.00,2201
18.00,2202
12.00,2203
22.00,2204
13.00,2205
16.00,2206
17.00,2207
11.00,2208
20.00,2209
11.00,2210
16.00,2211
16.00,2212
12.00,2213
19.00,2214
12.00,2215
21.00,2216
17.00,2217
16.00,2218
19.00,2219
12.00,2220
22.00,2221
13.00,2222
17.00,2223
18.00,2224
11.00,2225
20.00,2226
13.00,2227
17.00,2228
18.00,2229
13.00,2230
21.00,2231
11.00,2232
16.00,2233
15.00,2234
12.00,2235
20.00,2236
16.00,2237
16.00,2238
12.00,2239
19.00,2240
11.00,2241
20.00,2242
9.00,2243
13.00,2244
17.00,2245
18.00,2246
13.00,2247
21.00,2248
13.00,2249
20.00,2250
16.00,2251
14.00,2252
21.00,2253
12.00,2254
19.00,2255
15.00,2256
15.00,2257
18.00,2258
13.00,2259
22.00,2260
15.00,2261
16.00,2262
19.00,2263
10.00,2264
19.00,2265
14.00,2266
18.00,2267
17.00,2268
13.00,2269
21.00,2270
13.00,2271
20.00,2272
12.00,2273
21.00,2274
13.00,2275
16.00,2276
12.00,2277
18.00,2278
16.00,2279
15.00,2280
21.00,2281
18.00,2282
15.00,2283
14.00,2284
21.00,2285
13.00,2286
18.00,2287
9.00,2288
13.00,2289
19.00,2290
16.00,2291
16.00,2292
22.00,2293
12.00,2294
20.00,2295
16.00,2296
14.00,2297
20.00,2298
13.00,2299
21.00,2300
15.00,2301
15.00,2302
17.00,2303
13.00,2304
15.00,2305
19.00,2306
12.00,2307
18.00,2308
13.00,2309
14.00,2310
20.00,2311
17.00,2312
15.00,2313
13.00,2314
21.00,2315
13.00,2316
19.00,2317
12.00,2318
20.00,2319
12.00,2320
18.00,2321
11.00,2322
19.00,2323
14.00,2324
16.00,2325
20.00,2326
20.00,2327
16.00,2328
16.00,2329
22.00,2330
14.00,2331
18.00,2332
12.00,2333
21.00,2334
12.00,2335
20.00,2336
12.00,2337
18.00,2338
12.00,2339
24.00,2340
16.00,2341
18.00,2342
15.00,2343
13.00,2344
20.00,2345
12.00,2346
17.00,2347
13.00,2348
21.00,2349
13.00,2350
19.00,2351
16.00,2352
22.00,2353
15.00,2354
16.00,2355
18.00,2356
21.00,2357
15.00,2358
15.00,2359
20.00,2360
18.00,2361
17.00,2362
12.00,2363
22.00,2364
14.00,2365
20.00,2366
13.00,2367
21.00,2368
14.00,2369
16.00,2370
17.00,2371
19.00,2372
14.00,2373
13.00,2374
18.00,2375
11.00,2376
17.00,2377
14.00,2378
21.00,2379
13.00,2380
19.00,2381
12.00,2382
21.00,2383
15.00,2384
17.00,2385
19.00,2386
20.00,2387
14.00,2388
16.00,2389
19.00,2390
17.00,2391
14.00,2392
15.00,2393
17.00,2394
13.00,2395
21.00,2396
13.00,2397
15.00,2398
16.00,2399
13.00,2400
21.00,2401
11.00,2402
17.00,2403
14.00,2404
15.00,2405
20.00,2406
11.00,2407
20.00,2408
16.00,2409
13.00,2410
16.00,2411
12.00,2412
21.00,2413
15.00,2414
18.00,2415
19.00,2416
17.00,2417
21.00,2418
12.00,2419
18.00,2420
18.00,2421
13.00,2422
21.00,2423
14.00,2424
19.00,2425
18.00,2426
15.00,2427
20.00,2428
13.00,2429
16.00,2430
15.00,2431
13.00,2432
20.00,2433
11.00,2434
19.00,2435
15.00,2436
15.00,2437
20.00,2438
12.00,2439
18.00,2440
13.00,2441
16.00,2442
19.00,2443
12.00,2444
20.00,2445
13.00,2446
19.00,2447
17.00,2448
12.00,2449
21.00,2450
13.00,2451
19.00,2452
16.00,2453
14.00,2454
20.00,2455
13.00,2456
20.00,2457
14.00,2458
16.00,2459
19.00,2460
12.00,2461
20.00,2462
14.00,2463
16.00,2464
17.00,2465
11.00,2466
19.00,2467
11.00,2468
17.00,2469
15.00,2470
0.00,2471
0.00,2472
0.00,2473
0.00,2474
0.00,2475
0.00,2476
0.00,2477
0.00,2478
0.00,2479
0.00,2480
0.00,2481
0.00,2482
0.00,2483
0.00,2484
0.00,2485
0.00,2486
0.00,2487
0.00,2488
0.00,2489
0.00,2490
0.00,2491
0.00,2492
0.00,2493
0.00,2494
0.00,2495
0.00,2496
0.00,2497
0.00,2498
0.00,2499
0.00,2500
0.00,2501
0.00,2502
0.00,2503
0.00,2504
0.00,2505
0.00,2506
0.00,2507
0.00,2508
0.00,2509
0.00,2510
0.00,2511
0.00,2512
0.00,2513
0.00,2514
0.00,2515
0.00,2516
0.00,2517
0.00,2518
0.00,2519
0.00,2520
0.00,2521
0.00,2522
0.00,2523
0.00,2524
0.00,2525
0.00,2526
0.00,2527
0.00,2528
0.00,2529
0.00,2530
0.00,2531
0.00,2532
0.00,2533
0.00,2534
0.00,2535
0.00,2536
0.00,2537
0.00,2538
0.00,2539
0.00,2540
0.00,2541
0.00,2542
0.00,2543
0.00,2544
0.00,2545
0.00,2546
0.00,2547
0.00,2548
0.00,2549
0.00,2550
0.00,2551
0.00,2552
0.00,2553
0.00,2554
0.00,2555
0.00,2556
0.00,2557
0.00,2558
0.00,2559
0.00,2560
0.00,2561
0.00,2562
0.00,2563
0.00,2564
0.00,2565
0.00,2566
0.00,2567
0.00,2568
0.00,2569
0.00,2570
0.00,2571
0.00,2572
0.00,2573
0.00,2574
0.00,2575
0.00,2576
0.00,2577
0.00,2578
0.00,2579
0.00,2580
0.00,2581
0.00,2582
0.00,2583
0.00,2584
0.00,2585
0.00,2586
0.00,2587
0.00,2588
0.00,2589
0.00,2590
0.00,2591
0.00,2592
0.00,2593
0.00,2594
0.00,2595
0.00,2596
0.00,2597
0.00,2598
0.00,2599
0.00,2600
0.00,2601
0.00,2602
0.00,2603
0.00,2604
0.00,2605
0.00,2606
0.00,2607
0.00,2608
0.00,2609
0.00,2610
0.00,2611
0.00,2612
0.00,2613
0.00,2614
0.00,2615
0.00,2616
0.00,2617
0.00,2618
0.00,2619
0.00,2620
0.00,2621
0.00,2622
0.00,2623
0.00,2624
0.00,2625
0.00,2626
0.00,2627
0.00,2628
0.00,2629
0.00,2630
0.00,2631
0.00,2632
0.00,2633
0.00,2634
0.00,2635
0.00,2636
0.00,2637
0.00,2638
0.00,2639
0.00,2640
0.00,2641
0.00,2642
0.00,2643
0.00,2644
0.00,2645
0.00,2646
0.00,2647
0.00,2648
0.00,2649
19.00,2650
12.00,2651
20.00,2652
17.00,2653
14.00,2654
20.00,2655
12.00,2656
19.00,2657
15.00,2658
13.00,2659
12.00,2660
19.00,2661
17.00,2662
16.00,2663
19.00,2664
16.00,2665
19.00,2666
13.00,2667
21.00,2668
12.00,2669
21.00,2670
12.00,2671
19.00,2672
14.00,2673
18.00,2674
12.00,2675
15.00,2676
15.00,2677
14.00,2678
19.00,2679
15.00,2680
15.00,2681
14.00,2682
20.00,2683
12.00,2684
19.00,2685
12.00,2686
21.00,2687
14.00,2688
14.00,2689
13.00,2690
19.00,2691
16.00,2692
14.00,2693
18.00,2694
17.00,2695
17.00,2696
12.00,2697
18.00,2698
12.00,2699
20.00,2700
13.00,2701
21.00,2702
14.00,2703
17.00,2704
11.00,2705
20.00,2706
14.00,2707
12.00,2708
18.00,2709
16.00,2710
17.00,2711
12.00,2712
19.00,2713
12.00,2714
17.00,2715
12.00,2716
19.00,2717
12.00,2718
16.00,2719
14.00,2720
20.00,2721
15.00,2722
15.00,2723
21.00,2724
18.00,2725
19.00,2726
12.00,2727
20.00,2728
13.00,2729
20.00,2730
11.00,2731
18.00,2732
14.00,2733
17.00,2734
13.00,2735
20.00,2736
16.00,2737
15.00,2738
19.00,2739
16.00,2740
17.00,2741
13.00,2742
20.00,2743
12.00,2744
20.00,2745
10.00,2746
20.00,2747
14.00,2748
15.00,2749
11.00,2750
20.00,2751
15.00,2752
14.00,2753
19.00,2754
17.00,2755
21.00,2756
10.00,2757
19.00,2758
16.00,2759
20.00,2760
12.00,2761
20.00,2762
14.00,2763
16.00,2764
12.00,2765
19.00,2766
15.00,2767
15.00,2768
22.00,2769
17.00,2770
16.00,2771
12.00,2772
20.00,2773
11.00,2774
19.00,2775
12.00,2776
20.00,2777
13.00,2778
14.00,2779
12.00,2780
18.00,2781
15.00,2782
13.00,2783
20.00,2784
15.00,2785
23.00,2786
13.00,2787
20.00,2788
12.00,2789
20.00,2790
12.00,2791
18.00,2792
14.00,2793
17.00,2794
12.00,2795
18.00,2796
16.00,2797
16.00,2798
20.00,2799
18.00,2800
17.00,2801
14.00,2802
20.00,2803
11.00,2804
19.00,2805
15.00,2806
19.00,2807
13.00,2808
15.00,2809
11.00,2810
15.00,2811
15.00,2812
14.00,2813
19.00,2814
17.00,2815
16.00,2816
12.00,2817
20.00,2818
13.00,2819
17.00,2820
12.00,2821
19.00,2822
12.00,2823
15.00,2824
13.00,2825
18.00,2826
16.00,2827
12.00,2828
21.00,2829
16.00,2830
17.00,2831
15.00,2832
21.00,2833
14.00,2834
20.00,2835
13.00,2836
21.00,2837
13.00,2838
17.00,2839
13.00,2840
20.00,2841
15.00,2842
11.00,2843
18.00,2844
16.00,2845
17.00,2846
15.00,2847
19.00,2848
12.00,2849
18.00,2850
12.00,2851
21.00,2852
13.00,2853
17.00,2854
15.00,2855
20.00,2856
15.00,2857
15.00,2858
20.00,2859
17.00,2860
16.00,2861
12.00,2862
20.00,2863
13.00,2864
19.00,2865
13.00,2866
21.00,2867
14.00,2868
17.00,2869
12.00,2870
20.00,2871
14.00,2872
15.00,2873
18.00,2874
18.00,2875
18.00,2876
11.00,2877
19.00,2878
11.00,2879
17.00,2880
11.00,2881
20.00,2882
14.00,2883
15.00,2884
12.00,2885
19.00,2886
15.00,2887
14.00,2888
20.00,2889
18.00,2890
17.00,2891
14.00,2892
19.00,2893
11.00,2894
18.00,2895
11.00,2896
21.00,2897
10.00,2898
18.00,2899
12.00,2900
20.00,2901
15.00,2902
16.00,2903
17.00,2904
17.00,2905
15.00,2906
12.00,2907
17.00,2908
11.00,2909
17.00,2910
6.00,2911
12.00,2912
18.00,2913
16.00,2914
11.00,2915
22.00,2916
13.00,2917
20.00,2918
16.00,2919
14.00,2920
18.00,2921
11.00,2922
17.00,2923
13.00,2924
15.00,2925
19.00,2926
11.00,2927
22.00,2928
16.00,2929
18.00,2930
19.00,2931
13.00,2932
19.00,2933
14.00,2934
18.00,2935
14.00,2936
14.00,2937
20.00,2938
12.00,2939
17.00,2940
10.00,2941
19.00,2942
11.00,2943
17.00,2944
11.00,2945
19.00,2946
14.00,2947
14.00,2948
18.00,2949
18.00,2950
16.00,2951
14.00,2952
21.00,2953
12.00,2954
18.00,2955
11.00,2956
20.00,2957
11.00,2958
16.00,2959
12.00,2960
19.00,2961
15.00,2962
14.00,2963
20.00,2964
18.00,2965
17.00,2966
13.00,2967
20.00,2968
13.00,2969
17.00,2970
12.00,2971
18.00,2972
11.00,2973
17.00,2974
12.00,2975
0.00,2976
0.00,2977
0.00,2978
0.00,2979
0.00,2980
0.00,2981
0.00,2982
0.00,2983
0.00,2984
0.00,2985
0.00,2986
0.00,2987
0.00,2988
0.00,2989
0.00,2990
0.00,2991
0.00,2992
0.00,2993
0.00,2994
0.00,2995
0.00,2996
0.00,2997
0.00,2998
0.00,2999
0.00,3000
0.00,3001
0.00,3002
0.00,3003
0.00,3004
0.00,3005
0.00,3006
0.00,3007
0.00,3008
0.00,3009
0.00,3010
0.00,3011
0.00,3012
0.00,3013
0.00,3014
0.00,3015
0.00,3016
0.00,3017
0.00,3018
0.00,3019
0.00,3020
0.00,3021
0.00,3022
0.00,3023
0.00,3024
0.00,3025
0.00,3026
0.00,3027
0.00,3028
0.00,3029
0.00,3030
0.00,3031
0.00,3032
0.00,3033
0.00,3034
0.00,3035
0.00,3036
0.00,3037
0.00,3038
0.00,3039
0.00,3040
0.00,3041
0.00,3042
0.00,3043
0.00,3044
0.00,3045
0.00,3046
0.00,3047
0.00,3048
0.00,3049
0.00,3050
0.00,3051
0.00,3052
0.00,3053
0.00,3054
0.00,3055
0.00,3056
0.00,3057
0.00,3058
0.00,3059
0.00,3060
0.00,3061
0.00,3062
0.00,3063
0.00,3064
0.00,3065
0.00,3066
0.00,3067
0.00,3068
0.00,3069
0.00,3070
0.00,3071
0.00,3072
0.00,3073
0.00,3074
0.00,3075
0.00,3076
0.00,3077
0.00,3078
0.00,3079
0.00,3080
0.00,3081
0.00,3082
0.00,3083
0.00,3084
0.00,3085
0.00,3086
0.00,3087
0.00,3088
1.00,3089
0.00,3090
0.00,3091
0.00,3092
0.00,3093
0.00,3094
0.00,3095
0.00,3096
0.00,3097
0.00,3098
0.00,3099
0.00,3100
0.00,3101
0.00,3102
0.00,3103
0.00,3104
0.00,3105
0.00,3106
0.00,3107
0.00,3108
0.00,3109
0.00,3110
0.00,3111
0.00,3112
0.00,3113
0.00,3114
0.00,3115
0.00,3116
0.00,3117
0.00,3118
0.00,3119
0.00,3120
0.00,3121
0.00,3122
0.00,3123
0.00,3124
0.00,3125
0.00,3126
0.00,3127
0.00,3128
0.00,3129
0.00,3130
0.00,3131
0.00,3132
0.00,3133
0.00,3134
0.00,3135
0.00,3136
0.00,3137
0.00,3138
0.00,3139
0.00,3140
0.00,3141
0.00,3142
0.00,3143
0.00,3144
0.00,3145
0.00,3146
0.00,3147
0.00,3148
0.00,3149
0.00,3150
0.00,3151
0.00,3152
0.00,3153
0.00,3154
19.00,3155
20.00,3156
12.00,3157
17.00,3158
17.00,3159
13.00,3160
18.00,3161
12.00,3162
21.00,3163
14.00,3164
15.00,3165
22.00,3166
11.00,3167
19.00,3168
15.00,3169
15.00,3170
18.00,3171
13.00,3172
21.00,3173
15.00,3174
20.00,3175
20.00,3176
17.00,3177
13.00,3178
17.00,3179
17.00,3180
14.00,3181
15.00,3182
18.00,3183
11.00,3184
21.00,3185
20.00,3186
9.00,3187
14.00,3188
18.00,3189
18.00,3190
16.00,3191
14.00,3192
20.00,3193
12.00,3194
19.00,3195
19.00,3196
13.00,3197
11.00,3198
14.00,3199
20.00,3200
11.00,3201
19.00,3202
15.00,3203
15.00,3204
19.00,3205
12.00,3206
24.00,3207
15.00,3208
17.00,3209
18.00,3210
12.00,3211
16.00,3212
13.00,3213
20.00,3214
14.00,3215
18.00,3216
13.00,3217
12.00,3218
12.00,3219
19.00,3220
16.00,3221
14.00,3222
19.00,3223
16.00,3224
21.00,3225
12.00,3226
21.00,3227
14.00,3228
21.00,3229
13.00,3230
19.00,3231
18.00,3232
15.00,3233
14.00,3234
21.00,3235
18.00,3236
12.00,3237
20.00,3238
16.00,3239
20.00,3240
13.00,3241
27.00,3242
13.00,3243
20.00,3244
13.00,3245
20.00,3246
15.00,3247
16.00,3248
13.00,3249
15.00,3250
17.00,3251
10.00,3252
20.00,3253
16.00,3254
19.00,3255
13.00,3256
19.00,3257
12.00,3258
22.00,3259
12.00,3260
18.00,3261
14.00,3262
17.00,3263
13.00,3264
16.00,3265
16.00,3266
12.00,3267
20.00,3268
15.00,3269
21.00,3270
13.00,3271
19.00,3272
14.00,3273
20.00,3274
12.00,3275
19.00,3276
17.00,3277
15.00,3278
14.00,3279
16.00,3280
18.00,3281
12.00,3282
19.00,3283
13.00,3284
19.00,3285
14.00,3286
18.00,3287
14.00,3288
20.00,3289
11.00,3290
16.00,3291
17.00,3292
13.00,3293
14.00,3294
17.00,3295
15.00,3296
14.00,3297
19.00,3298
11.00,3299
19.00,3300
12.00,3301
19.00,3302
16.00,3303
20.00,3304
12.00,3305
18.00,3306
15.00,3307
14.00,3308
14.00,3309
15.00,3310
19.00,3311
15.00,3312
19.00,3313
12.00,3314
18.00,3315
11.00,3316
0.00,3317
0.00,3318
0.00,3319
0.00,3320
0.00,3321
0.00,3322
0.00,3323
0.00,3324
0.00,3325
0.00,3326
0.00,3327
0.00,3328
0.00,3329
0.00,3330
0.00,3331
0.00,3332
0.00,3333
0.00,3334
0.00,3335
0.00,3336
0.00,3337
0.00,3338
0.00,3339
0.00,3340
0.00,3341
0.00,3342
0.00,3343
0.00,3344
0.00,3345
0.00,3346
0.00,3347
0.00,3348
0.00,3349
0.00,3350
0.00,3351
0.00,3352
0.00,3353
0.00,3354
0.00,3355
0.00,3356
0.00,3357
0.00,3358
0.00,3359
0.00,3360
0.00,3361
0.00,3362
0.00,3363
0.00,3364
0.00,3365
0.00,3366
0.00,3367
0.00,3368
0.00,3369
0.00,3370
0.00,3371
0.00,3372
0.00,3373
0.00,3374
0.00,3375
0.00,3376
0.00,3377
0.00,3378
0.00,3379
0.00,3380
0.00,3381
0.00,3382
0.00,3383
0.00,3384
0.00,3385
0.00,3386
0.00,3387
0.00,3388
0.00,3389
0.00,3390
0.00,3391
0.00,3392
0.00,3393
0.00,3394
0.00,3395
0.00,3396
0.00,3397
0.00,3398
0.00,3399
0.00,3400
0.00,3401
0.00,3402
0.00,3403
0.00,3404
0.00,3405
0.00,3406
0.00,3407
0.00,3408
0.00,3409
0.00,3410
0.00,3411
0.00,3412
0.00,3413
0.00,3414
0.00,3415
0.00,3416
0.00,3417
0.00,3418
0.00,3419
0.00,3420
0.00,3421
0.00,3422
0.00,3423
0.00,3424
0.00,3425
0.00,3426
0.00,3427
0.00,3428
0.00,3429
0.00,3430
0.00,3431
0.00,3432
0.00,3433
0.00,3434
0.00,3435
0.00,3436
0.00,3437
0.00,3438
0.00,3439
0.00,3440
0.00,3441
0.00,3442
0.00,3443
0.00,3444
0.00,3445
0.00,3446
0.00,3447
0.00,3448
0.00,3449
0.00,3450
0.00,3451
0.00,3452
0.00,3453
0.00,3454
0.00,3455
0.00,3456
0.00,3457
0.00,3458
0.00,3459
0.00,3460
0.00,3461
0.00,3462
0.00,3463
0.00,3464
0.00,3465
0.00,3466
0.00,3467
0.00,3468
0.00,3469
0.00,3470
0.00,3471
0.00,3472
0.00,3473
0.00,3474
0.00,3475
0.00,3476
0.00,3477
0.00,3478
0.00,3479
0.00,3480
0.00,3481
0.00,3482
0.00,3483
0.00,3484
0.00,3485
0.00,3486
0.00,3487
0.00,3488
0.00,3489
0.00,3490
0.00,3491
0.00,3492
0.00,3493
0.00,3494
0.00,3495
17.00,3496
17.00,3497
14.00,3498
22.00,3499
13.00,3500
19.00,3501
16.00,3502
14.00,3503
18.00,3504
12.00,3505
20.00,3506
13.00,3507
16.00,3508
18.00,3509
12.00,3510
19.00,3511
18.00,3512
12.00,3513
21.00,3514
16.00,3515
13.00,3516
17.00,3517
16.00,3518
13.00,3519
17.00,3520
17.00,3521
12.00,3522
21.00,3523
11.00,3524
16.00,3525
17.00,3526
12.00,3527
19.00,3528
13.00,3529
18.00,3530
16.00,3531
14.00,3532
20.00,3533
11.00,3534
18.00,3535
15.00,3536
14.00,3537
19.00,3538
14.00,3539
21.00,3540
17.00,3541
13.00,3542
19.00,3543
13.00,3544
19.00,3545
13.00,3546
18.00,3547
24.00,3548
14.00,3549
20.00,3550
12.00,3551
18.00,3552
14.00,3553
13.00,3554
20.00,3555
13.00,3556
18.00,3557
14.00,3558
12.00,3559
18.00,3560
10.00,3561
19.00,3562
14.00,3563
13.00,3564
17.00,3565
12.00,3566
20.00,3567
18.00,3568
18.00,3569
17.00,3570
13.00,3571
20.00,3572
14.00,3573
16.00,3574
17.00,3575
13.00,3576
21.00,3577
12.00,3578
19.00,3579
17.00,3580
14.00,3581
21.00,3582
14.00,3583
16.00,3584
16.00,3585
13.00,3586
20.00,3587
11.00,3588
20.00,3589
13.00,3590
13.00,3591
19.00,3592
12.00,3593
21.00,3594
15.00,3595
16.00,3596
17.00,3597
13.00,3598
20.00,3599
13.00,3600
20.00,3601
12.00,3602
17.00,3603
15.00,3604
20.00,3605
13.00,3606
20.00,3607
15.00,3608
13.00,3609
12.00,3610
17.00,3611
18.00,3612
12.00,3613
22.00,3614
13.00,3615
20.00,3616
12.00,3617
19.00,3618
15.00,3619
20.00,3620
12.00,3621
16.00,3622
14.00,3623
13.00,3624
13.00,3625
15.00,3626
18.00,3627
14.00,3628
21.00,3629
13.00,3630
21.00,3631
12.00,3632
21.00,3633
16.00,3634
20.00,3635
12.00,3636
17.00,3637
19.00,3638
14.00,3639
15.00,3640
16.00,3641
20.00,3642
12.00,3643
20.00,3644
13.00,3645
20.00,3646
12.00,3647
19.00,3648
15.00,3649
19.00,3650
14.00,3651
19.00,3652
17.00,3653
16.00,3654
14.00,3655
16.00,3656
19.00,3657
8.00,3658
11.00,3659
14.00,3660
14.00,3661
12.00,3662
20.00,3663
13.00,3664
18.00,3665
15.00,3666
14.00,3667
21.00,3668
13.00,3669
19.00,3670
14.00,3671
15.00,3672
18.00,3673
11.00,3674
20.00,3675
14.00,3676
16.00,3677
19.00,3678
12.00,3679
22.00,3680
13.00,3681
16.00,3682
18.00,3683
13.00,3684
15.00,3685
15.00,3686
17.00,3687
11.00,3688
22.00,3689
12.00,3690
18.00,3691
12.00,3692
17.00,3693
16.00,3694
21.00,3695
12.00,3696
16.00,3697
17.00,3698
12.00,3699
14.00,3700
14.00,3701
18.00,3702
10.00,3703
18.00,3704
14.00,3705
21.00,3706
12.00,3707
17.00,3708
16.00,3709
21.00,3710
14.00,3711
19.00,3712
17.00,3713
11.00,3714
16.00,3715
15.00,3716
19.00,3717
11.00,3718
21.00,3719
12.00,3720
18.00,3721
10.00,3722
16.00,3723
16.00,3724
19.00,3725
11.00,3726
16.00,3727
17.00,3728
12.00,3729
16.00,3730
15.00,3731
20.00,3732
11.00,3733
26.00,3734
12.00,3735
20.00,3736
12.00,3737
18.00,3738
17.00,3739
22.00,3740
14.00,3741
15.00,3742
19.00,3743
13.00,3744
14.00,3745
13.00,3746
20.00,3747
13.00,3748
18.00,3749
12.00,3750
19.00,3751
12.00,3752
16.00,3753
15.00,3754
19.00,3755
13.00,3756
14.00,3757
17.00,3758
15.00,3759
13.00,3760
20.00,3761
12.00,3762
20.00,3763
15.00,3764
15.00,3765
18.00,3766
12.00,3767
20.00,3768
12.00,3769
15.00,3770
19.00,3771
11.00,3772
21.00,3773
13.00,3774
18.00,3775
17.00,3776
13.00,3777
22.00,3778
13.00,3779
18.00,3780
17.00,3781
14.00,3782
22.00,3783
12.00,3784
18.00,3785
14.00,3786
12.00,3787
18.00,3788
10.00,3789
18.00,3790
13.00,3791
12.00,3792
17.00,3793
11.00,3794
19.00,3795
15.00,3796
13.00,3797
17.00,3798
13.00,3799
19.00,3800
11.00,3801
15.00,3802
16.00,3803
12.00,3804
19.00,3805
13.00,3806
17.00,3807
17.00,3808
14.00,3809
21.00,3810
13.00,3811
19.00,3812
17.00,3813
13.00,3814
21.00,3815
12.00,3816
19.00,3817
14.00,3818
12.00,3819
18.00,3820
0.00,3821
0.00,3822
0.00,3823
0.00,3824
0.00,3825
0.00,3826
0.00,3827
0.00,3828
0.00,3829
0.00,3830
0.00,3831
0.00,3832
0.00,3833
0.00,3834
0.00,3835
0.00,3836
0.00,3837
0.00,3838
0.00,3839
0.00,3840
0.00,3841
0.00,3842
0.00,3843
0.00,3844
0.00,3845
0.00,3846
0.00,3847
0.00,3848
0.00,3849
0.00,3850
0.00,3851
0.00,3852
0.00,3853
0.00,3854
0.00,3855
0.00,3856
0.00,3857
0.00,3858
0.00,3859
0.00,3860
0.00,3861
0.00,3862
0.00,3863
0.00,3864
0.00,3865
0.00,3866
0.00,3867
0.00,3868
0.00,3869
0.00,3870
0.00,3871
0.00,3872
0.00,3873
0.00,3874
0.00,3875
0.00,3876
0.00,3877
0.00,3878
0.00,3879
0.00,3880
0.00,3881
0.00,3882
0.00,3883
0.00,3884
0.00,3885
0.00,3886
0.00,3887
0.00,3888
0.00,3889
0.00,3890
0.00,3891
0.00,3892
0.00,3893
0.00,3894
0.00,3895
0.00,3896
0.00,3897
0.00,3898
0.00,3899
0.00,3900
0.00,3901
0.00,3902
0.00,3903
0.00,3904
0.00,3905
0.00,3906
0.00,3907
0.00,3908
0.00,3909
0.00,3910
0.00,3911
0.00,3912
0.00,3913
0.00,3914
0.00,3915
0.00,3916
0.00,3917
0.00,3918
0.00,3919
0.00,3920
0.00,3921
0.00,3922
0.00,3923
0.00,3924
0.00,3925
0.00,3926
0.00,3927
0.00,3928
0.00,3929
0.00,3930
0.00,3931
0.00,3932
0.00,3933
0.00,3934
0.00,3935
0.00,3936
0.00,3937
0.00,3938
0.00,3939
0.00,3940
0.00,3941
0.00,3942
0.00,3943
0.00,3944
0.00,3945
0.00,3946
0.00,3947
0.00,3948
0.00,3949
0.00,3950
0.00,3951
0.00,3952
0.00,3953
0.00,3954
0.00,3955
0.00,3956
0.00,3957
0.00,3958
0.00,3959
0.00,3960
0.00,3961
0.00,3962
0.00,3963
0.00,3964
0.00,3965
0.00,3966
0.00,3967
0.00,3968
0.00,3969
0.00,3970
0.00,3971
0.00,3972
0.00,3973
0.00,3974
0.00,3975
0.00,3976
0.00,3977
0.00,3978
0.00,3979
0.00,3980
0.00,3981
0.00,3982
0.00,3983
0.00,3984
0.00,3985
0.00,3986
0.00,3987
0.00,3988
0.00,3989
0.00,3990
0.00,3991
0.00,3992
0.00,3993
0.00,3994
0.00,3995
0.00,3996
0.00,3997
0.00,3998
0.00,3999
12.00,4000
16.00,4001
18.00,4002
10.00,4003
18.00,4004
11.00,4005
17.00,4006
16.00,4007
12.00,4008
19.00,4009
10.00,4010
17.00,4011
13.00,4012
11.00,4013
22.00,4014
11.00,4015
19.00,4016
15.00,4017
15.00,4018
20.00,4019
14.00,4020
17.00,4021
15.00,4022
16.00,4023
18.00,4024
11.00,4025
19.00,4026
11.00,4027
15.00,4028
16.00,4029
10.00,4030
20.00,4031
13.00,4032
18.00,4033
17.00,4034
11.00,4035
20.00,4036
10.00,4037
17.00,4038
14.00,4039
12.00,4040
18.00,4041
11.00,4042
18.00,4043
16.00,4044
15.00,4045
20.00,4046
12.00,4047
18.00,4048
15.00,4049
14.00,4050
20.00,4051
7.00,4052
12.00,4053
17.00,4054
17.00,4055
14.00,4056
20.00,4057
11.00,4058
19.00,4059
15.00,4060
12.00,4061
17.00,4062
10.00,4063
18.00,4064
14.00,4065
12.00,4066
20.00,4067
10.00,4068
18.00,4069
12.00,4070
15.00,4071
19.00,4072
13.00,4073
20.00,4074
12.00,4075
16.00,4076
15.00,4077
6.00,4078
16.00,4079
18.00,4080
14.00,4081
20.00,4082
14.00,4083
17.00,4084
18.00,4085
13.00,4086
22.00,4087
14.00,4088
18.00,4089
16.00,4090
14.00,4091
18.00,4092
9.00,4093
11.00,4094
18.00,4095
10.00,4096
16.00,4097
14.00,4098
11.00,4099
20.00,4100
13.00,4101
19.00,4102
14.00,4103
16.00,4104
19.00,4105
14.00,4106
23.00,4107
15.00,4108
16.00,4109
20.00,4110
13.00,4111
20.00,4112
12.00,4113
15.00,4114
16.00,4115
13.00,4116
20.00,4117
12.00,4118
17.00,4119
16.00,4120
10.00,4121
20.00,4122
13.00,4123
18.00,4124
23.00,4125
10.00,4126
18.00,4127
11.00,4128
18.00,4129
14.00,4130
14.00,4131
18.00,4132
10.00,4133
20.00,4134
14.00,4135
17.00,4136
19.00,4137
12.00,4138
18.00,4139
12.00,4140
15.00,4141
18.00,4142
13.00,4143
19.00,4144
12.00,4145
18.00,4146
16.00,4147
13.00,4148
20.00,4149
12.00,4150
18.00,4151
16.00,4152
15.00,4153
20.00,4154
13.00,4155
20.00,4156
14.00,4157
12.00,4158
19.00,4159
10.00,4160
18.00,4161
13.00,4162
14.00,4163
17.00,4164
12.00,4165
17.00,4166
14.00,4167
19.00,4168
18.00,4169
12.00,4170
21.00,4171
11.00,4172
18.00,4173
16.00,4174
11.00,4175
20.00,4176
11.00,4177
18.00,4178
17.00,4179
14.00,4180
19.00,4181
12.00,4182
19.00,4183
14.00,4184
14.00,4185
17.00,4186
11.00,4187
19.00,4188
12.00,4189
15.00,4190
17.00,4191
12.00,4192
20.00,4193
14.00,4194
18.00,4195
12.00,4196
18.00,4197
14.00,4198
20.00,4199
11.00,4200
17.00,4201
17.00,4202
13.00,4203
15.00,4204
17.00,4205
19.00,4206
12.00,4207
21.00,4208
14.00,4209
20.00,4210
12.00,4211
18.00,4212
15.00,4213
20.00,4214
17.00,4215
19.00,4216
17.00,4217
15.00,4218
13.00,4219
12.00,4220
16.00,4221
10.00,4222
16.00,4223
11.00,4224
17.00,4225
11.00,4226
16.00,4227
14.00,4228
19.00,4229
11.00,4230
17.00,4231
15.00,4232
15.00,4233
17.00,4234
16.00,4235
19.00,4236
11.00,4237
20.00,4238
12.00,4239
20.00,4240
14.00,4241
19.00,4242
16.00,4243
19.00,4244
13.00,4245
16.00,4246
15.00,4247
13.00,4248
13.00,4249
14.00,4250
17.00,4251
10.00,4252
22.00,4253
14.00,4254
19.00,4255
11.00,4256
19.00,4257
14.00,4258
19.00,4259
14.00,4260
16.00,4261
18.00,4262
13.00,4263
14.00,4264
14.00,4265
19.00,4266
11.00,4267
21.00,4268
13.00,4269
20.00,4270
12.00,4271
19.00,4272
15.00,4273
20.00,4274
13.00,4275
22.00,4276
16.00,4277
13.00,4278
15.00,4279
14.00,4280
21.00,4281
10.00,4282
18.00,4283
13.00,4284
17.00,4285
12.00,4286
18.00,4287
15.00,4288
14.00,4289
13.00,4290
16.00,4291
17.00,4292
12.00,4293
17.00,4294
16.00,4295
19.00,4296
12.00,4297
20.00,4298
15.00,4299
21.00,4300
10.00,4301
18.00,4302
14.00,4303
20.00,4304
13.00,4305
15.00,4306
17.00,4307
9.00,4308
17.00,4309
19.00,4310
15.00,4311
13.00,4312
20.00,4313
16.00,4314
12.00,4315
20.00,4316
16.00,4317
13.00,4318
20.00,4319
13.00,4320
14.00,4321
16.00,4322
12.00,4323
15.00,4324
14.00,4325
0.00,4326
0.00,4327
0.00,4328
0.00,4329
0.00,4330
0.00,4331
0.00,4332
0.00,4333
0.00,4334
0.00,4335
0.00,4336
0.00,4337
0.00,4338
0.00,4339
0.00,4340
0.00,4341
0.00,4342
0.00,4343
0.00,4344
0.00,4345
0.00,4346
0.00,4347
0.00,4348
0.00,4349
0.00,4350
0.00,4351
0.00,4352
0.00,4353
0.00,4354
0.00,4355
0.00,4356
0.00,4357
0.00,4358
0.00,4359
0.00,4360
0.00,4361
0.00,4362
0.00,4363
0.00,4364
0.00,4365
0.00,4366
0.00,4367
0.00,4368
0.00,4369
0.00,4370
0.00,4371
0.00,4372
0.00,4373
0.00,4374
0.00,4375
0.00,4376
0.00,4377
0.00,4378
0.00,4379
0.00,4380
3.00,4381
0.00,4382
0.00,4383
0.00,4384
0.00,4385
0.00,4386
0.00,4387
0.00,4388
0.00,4389
0.00,4390
0.00,4391
0.00,4392
0.00,4393
0.00,4394
0.00,4395
0.00,4396
0.00,4397
0.00,4398
0.00,4399
0.00,4400
0.00,4401
0.00,4402
0.00,4403
0.00,4404
0.00,4405
0.00,4406
0.00,4407
0.00,4408
0.00,4409
0.00,4410
0.00,4411
0.00,4412
0.00,4413
0.00,4414
0.00,4415
0.00,4416
0.00,4417
0.00,4418
0.00,4419
0.00,4420
0.00,4421
0.00,4422
0.00,4423
0.00,4424
0.00,4425
0.00,4426
0.00,4427
0.00,4428
0.00,4429
0.00,4430
0.00,4431
0.00,4432
0.00,4433
0.00,4434
0.00,4435
0.00,4436
0.00,4437
0.00,4438
0.00,4439
0.00,4440
0.00,4441
0.00,4442
0.00,4443
0.00,4444
0.00,4445
0.00,4446
0.00,4447
0.00,4448
0.00,4449
0.00,4450
0.00,4451
0.00,4452
0.00,4453
0.00,4454
0.00,4455
0.00,4456
0.00,4457
0.00,4458
0.00,4459
0.00,4460
0.00,4461
0.00,4462
0.00,4463
0.00,4464
0.00,4465
0.00,4466
0.00,4467
0.00,4468
0.00,4469
0.00,4470
0.00,4471
0.00,4472
0.00,4473
0.00,4474
0.00,4475
0.00,4476
0.00,4477
0.00,4478
0.00,4479
0.00,4480
0.00,4481
0.00,4482
0.00,4483
0.00,4484
0.00,4485
0.00,4486
0.00,4487
0.00,4488
0.00,4489
0.00,4490
0.00,4491
0.00,4492
0.00,4493
0.00,4494
0.00,4495
0.00,4496
0.00,4497
0.00,4498
0.00,4499
0.00,4500
0.00,4501
0.00,4502
0.00,4503
11.00,4504
20.00,4505
14.00,4506
16.00,4507
20.00,4508
12.00,4509
20.00,4510
14.00,4511
17.00,4512
17.00,4513
12.00,4514
22.00,4515
16.00,4516
17.00,4517
16.00,4518
12.00,4519
20.00,4520
10.00,4521
19.00,4522
17.00,4523
11.00,4524
20.00,4525
12.00,4526
20.00,4527
14.00,4528
15.00,4529
19.00,4530
10.00,4531
18.00,4532
12.00,4533
16.00,4534
17.00,4535
11.00,4536
21.00,4537
13.00,4538
18.00,4539
20.00,4540
12.00,4541
21.00,4542
12.00,4543
19.00,4544
17.00,4545
12.00,4546
20.00,4547
11.00,4548
18.00,4549
16.00,4550
15.00,4551
20.00,4552
14.00,4553
19.00,4554
15.00,4555
14.00,4556
18.00,4557
12.00,4558
19.00,4559
15.00,4560
15.00,4561
18.00,4562
11.00,4563
19.00,4564
12.00,4565
15.00,4566
16.00,4567
11.00,4568
21.00,4569
13.00,4570
16.00,4571
15.00,4572
13.00,4573
21.00,4574
11.00,4575
21.00,4576
17.00,4577
14.00,4578
20.00,4579
11.00,4580
18.00,4581
13.00,4582
14.00,4583
18.00,4584
14.00,4585
21.00,4586
14.00,4587
23.00,4588
19.00,4589
11.00,4590
20.00,4591
13.00,4592
17.00,4593
16.00,4594
14.00,4595
18.00,4596
13.00,4597
19.00,4598
11.00,4599
20.00,4600
14.00,4601
15.00,4602
14.00,4603
18.00,4604
12.00,4605
13.00,4606
20.00,4607
18.00,4608
15.00,4609
9.00,4610
16.00,4611
18.00,4612
14.00,4613
20.00,4614
11.00,4615
18.00,4616
16.00,4617
10.00,4618
21.00,4619
11.00,4620
21.00,4621
17.00,4622
14.00,4623
19.00,4624
12.00,4625
17.00,4626
14.00,4627
16.00,4628
20.00,4629
12.00,4630
19.00,4631
13.00,4632
16.00,4633
18.00,4634
10.00,4635
21.00,4636
13.00,4637
17.00,4638
22.00,4639
15.00,4640
16.00,4641
20.00,4642
12.00,4643
19.00,4644
14.00,4645
17.00,4646
18.00,4647
11.00,4648
20.00,4649
13.00,4650
20.00,4651
17.00,4652
16.00,4653
16.00,4654
11.00,4655
18.00,4656
16.00,4657
14.00,4658
19.00,4659
11.00,4660
18.00,4661
15.00,4662
14.00,4663
20.00,4664
11.00,4665
19.00,4666
0.00,4667
0.00,4668
0.00,4669
0.00,4670
0.00,4671
0.00,4672
0.00,4673
0.00,4674
0.00,4675
0.00,4676
0.00,4677
0.00,4678
0.00,4679
0.00,4680
0.00,4681
0.00,4682
0.00,4683
0.00,4684
0.00,4685
0.00,4686
0.00,4687
0.00,4688
0.00,4689
0.00,4690
0.00,4691
0.00,4692
0.00,4693
0.00,4694
0.00,4695
0.00,4696
0.00,4697
0.00,4698
0.00,4699
0.00,4700
0.00,4701
0.00,4702
0.00,4703
0.00,4704
0.00,4705
0.00,4706
0.00,4707
0.00,4708
0.00,4709
0.00,4710
0.00,4711
0.00,4712
0.00,4713
0.00,4714
0.00,4715
0.00,4716
0.00,4717
0.00,4718
0.00,4719
0.00,4720
0.00,4721
0.00,4722
0.00,4723
0.00,4724
0.00,4725
0.00,4726
0.00,4727
0.00,4728
0.00,4729
0.00,4730
0.00,4731
0.00,4732
0.00,4733
0.00,4734
0.00,4735
0.00,4736
0.00,4737
0.00,4738
0.00,4739
0.00,4740
0.00,4741
0.00,4742
0.00,4743
0.00,4744
0.00,4745
0.00,4746
0.00,4747
0.00,4748
0.00,4749
0.00,4750
0.00,4751
0.00,4752
0.00,4753
0.00,4754
0.00,4755
0.00,4756
0.00,4757
0.00,4758
0.00,4759
0.00,4760
0.00,4761
0.00,4762
0.00,4763
0.00,4764
0.00,4765
0.00,4766
0.00,4767
0.00,4768
0.00,4769
0.00,4770
0.00,4771
0.00,4772
0.00,4773
0.00,4774
0.00,4775
0.00,4776
0.00,4777
0.00,4778
0.00,4779
0.00,4780
0.00,4781
0.00,4782
0.00,4783
0.00,4784
0.00,4785
0.00,4786
0.00,4787
0.00,4788
0.00,4789
0.00,4790
0.00,4791
0.00,4792
0.00,4793
0.00,4794
0.00,4795
0.00,4796
0.00,4797
0.00,4798
0.00,4799
0.00,4800
0.00,4801
0.00,4802
0.00,4803
0.00,4804
0.00,4805
0.00,4806
0.00,4807
0.00,4808
0.00,4809
0.00,4810
0.00,4811
0.00,4812
0.00,4813
0.00,4814
0.00,4815
0.00,4816
0.00,4817
0.00,4818
0.00,4819
0.00,4820
0.00,4821
0.00,4822
0.00,4823
0.00,4824
0.00,4825
0.00,4826
1.00,4827
0.00,4828
0.00,4829
0.00,4830
0.00,4831
0.00,4832
0.00,4833
0.00,4834
0.00,4835
0.00,4836
0.00,4837
0.00,4838
0.00,4839
0.00,4840
0.00,4841
0.00,4842
0.00,4843
0.00,4844
0.00,4845
12.00,4846
19.00,4847
13.00,4848
20.00,4849
17.00,4850
13.00,4851
21.00,4852
12.00,4853
18.00,4854
15.00,4855
15.00,4856
20.00,4857
11.00,4858
19.00,4859
13.00,4860
16.00,4861
19.00,4862
14.00,4863
21.00,4864
15.00,4865
16.00,4866
16.00,4867
11.00,4868
19.00,4869
14.00,4870
19.00,4871
17.00,4872
12.00,4873
19.00,4874
11.00,4875
17.00,4876
15.00,4877
13.00,4878
20.00,4879
13.00,4880
18.00,4881
16.00,4882
14.00,4883
19.00,4884
13.00,4885
21.00,4886
15.00,4887
16.00,4888
18.00,4889
14.00,4890
20.00,4891
14.00,4892
16.00,4893
17.00,4894
14.00,4895
21.00,4896
13.00,4897
18.00,4898
17.00,4899
13.00,4900
20.00,4901
11.00,4902
19.00,4903
16.00,4904
15.00,4905
20.00,4906
9.00,4907
13.00,4908
20.00,4909
11.00,4910
18.00,4911
16.00,4912
13.00,4913
19.00,4914
12.00,4915
21.00,4916
14.00,4917
16.00,4918
19.00,4919
13.00,4920
19.00,4921
14.00,4922
17.00,4923
17.00,4924
13.00,4925
22.00,4926
15.00,4927
16.00,4928
18.00,4929
14.00,4930
20.00,4931
11.00,4932
19.00,4933
15.00,4934
13.00,4935
20.00,4936
13.00,4937
16.00,4938
15.00,4939
13.00,4940
19.00,4941
10.00,4942
16.00,4943
14.00,4944
14.00,4945
18.00,4946
10.00,4947
19.00,4948
15.00,4949
16.00,4950
17.00,4951
17.00,4952
15.00,4953
20.00,4954
13.00,4955
19.00,4956
15.00,4957
15.00,4958
20.00,4959
11.00,4960
20.00,4961
14.00,4962
13.00,4963
18.00,4964
14.00,4965
20.00,4966
14.00,4967
15.00,4968
17.00,4969
11.00,4970
19.00,4971
11.00,4972
16.00,4973
15.00,4974
11.00,4975
20.00,4976
12.00,4977
18.00,4978
15.00,4979
13.00,4980
21.00,4981
14.00,4982
18.00,4983
13.00,4984
15.00,4985
19.00,4986
12.00,4987
20.00,4988
14.00,4989
17.00,4990
17.00,4991
17.00,4992
15.00,4993
15.00,4994
19.00,4995
10.00,4996
17.00,4997
10.00,4998
21.00,4999
11.00,5000
19.00,5001
11.00,5002
19.00,5003
13.00,5004
12.00,5005
18.00,5006
16.00,5007
15.00,5008
13.00,5009
19.00,5010
18.00,5011
14.00,5012
14.00,5013
20.00,5014
14.00,5015
20.00,5016
15.00,5017
16.00,5018
20.00,5019
12.00,5020
20.00,5021
20.00,5022
12.00,5023
21.00,5024
15.00,5025
11.00,5026
18.00,5027
10.00,5028
18.00,5029
15.00,5030
16.00,5031
17.00,5032
15.00,5033
15.00,5034
20.00,5035
10.00,5036
17.00,5037
15.00,5038
11.00,5039
17.00,5040
17.00,5041
13.00,5042
20.00,5043
13.00,5044
18.00,5045
15.00,5046
11.00,5047
21.00,5048
13.00,5049
20.00,5050
16.00,5051
16.00,5052
19.00,5053
18.00,5054
12.00,5055
24.00,5056
18.00,5057
13.00,5058
20.00,5059
13.00,5060
16.00,5061
19.00,5062
14.00,5063
20.00,5064
11.00,5065
17.00,5066
16.00,5067
12.00,5068
19.00,5069
10.00,5070
19.00,5071
19.00,5072
13.00,5073
19.00,5074
20.00,5075
14.00,5076
14.00,5077
19.00,5078
15.00,5079
13.00,5080
19.00,5081
10.00,5082
20.00,5083
17.00,5084
11.00,5085
16.00,5086
20.00,5087
16.00,5088
16.00,5089
20.00,5090
16.00,5091
14.00,5092
16.00,5093
19.00,5094
20.00,5095
15.00,5096
17.00,5097
15.00,5098
11.00,5099
20.00,5100
12.00,5101
10.00,5102
19.00,5103
13.00,5104
15.00,5105
17.00,5106
15.00,5107
15.00,5108
20.00,5109
16.00,5110
12.00,5111
15.00,5112
19.00,5113
13.00,5114
13.00,5115
18.00,5116
17.00,5117
12.00,5118
21.00,5119
19.00,5120
12.00,5121
21.00,5122
16.00,5123
14.00,5124
18.00,5125
11.00,5126
21.00,5127
11.00,5128
16.00,5129
18.00,5130
14.00,5131
20.00,5132
14.00,5133
17.00,5134
16.00,5135
18.00,5136
19.00,5137
12.00,5138
18.00,5139
15.00,5140
15.00,5141
24.00,5142
12.00,5143
18.00,5144
15.00,5145
15.00,5146
19.00,5147
11.00,5148
19.00,5149
13.00,5150
15.00,5151
20.00,5152
18.00,5153
17.00,5154
14.00,5155
20.00,5156
7.00,5157
12.00,5158
21.00,5159
13.00,5160
16.00,5161
14.00,5162
14.00,5163
19.00,5164
13.00,5165
19.00,5166
14.00,5167
14.00,5168
20.00,5169
12.00,5170
19.00,5171
15.00,5172
17.00,5173
17.00,5174
12.00,5175
19.00,5176
15.00,5177
17.00,5178
19.00,5179
14.00,5180
23.00,5181
16.00,5182
17.00,5183
16.00,5184
13.00,5185
21.00,5186
15.00,5187
20.00,5188
13.00,5189
19.00,5190
14.00,5191
17.00,5192
16.00,5193
19.00,5194
14.00,5195
14.00,5196
20.00,5197
17.00,5198
16.00,5199
13.00,5200
19.00,5201
14.00,5202
21.00,5203
13.00,5204
19.00,5205
12.00,5206
16.00,5207
12.00,5208
20.00,5209
17.00,5210
15.00,5211
19.00,5212
17.00,5213
17.00,5214
16.00,5215
21.00,5216
13.00,5217
20.00,5218
12.00,5219
20.00,5220
12.00,5221
18.00,5222
15.00,5223
19.00,5224
16.00,5225
14.00,5226
20.00,5227
17.00,5228
17.00,5229
12.00,5230
21.00,5231
12.00,5232
19.00,5233
10.00,5234
18.00,5235
14.00,5236
15.00,5237
11.00,5238
19.00,5239
16.00,5240
13.00,5241
22.00,5242
15.00,5243
16.00,5244
13.00,5245
20.00,5246
14.00,5247
18.00,5248
12.00,5249
21.00,5250
15.00,5251
17.00,5252
13.00,5253
18.00,5254
17.00,5255
14.00,5256
22.00,5257
17.00,5258
18.00,5259
11.00,5260
23.00,5261
13.00,5262
22.00,5263
13.00,5264
20.00,5265
14.00,5266
15.00,5267
13.00,5268
18.00,5269
18.00,5270
13.00,5271
18.00,5272
17.00,5273
19.00,5274
14.00,5275
21.00,5276
12.00,5277
21.00,5278
16.00,5279
20.00,5280
17.00,5281
12.00,5282
13.00,5283
17.00,5284
24.00,5285
14.00,5286
20.00,5287
17.00,5288
19.00,5289
12.00,5290
20.00,5291
12.00,5292
21.00,5293
12.00,5294
17.00,5295
13.00,5296
15.00,5297
12.00,5298
17.00,5299
17.00,5300
11.00,5301
19.00,5302
13.00,5303
18.00,5304
12.00,5305
19.00,5306
14.00,5307
19.00,5308
12.00,5309
20.00,5310
18.00,5311
14.00,5312
14.00,5313
17.00,5314
17.00,5315
13.00,5316
20.00,5317
14.00,5318
12.00,5319
10.00,5320
20.00,5321
14.00,5322
21.00,5323
11.00,5324
18.00,5325
17.00,5326
14.00,5327
14.00,5328
17.00,5329
15.00,5330
12.00,5331
21.00,5332
0.00,5333
0.00,5334
0.00,5335
0.00,5336
0.00,5337
0.00,5338
0.00,5339
0.00,5340
0.00,5341
0.00,5342
0.00,5343
0.00,5344
0.00,5345
0.00,5346
0.00,5347
0.00,5348
0.00,5349
0.00,5350
0.00,5351
0.00,5352
0.00,5353
0.00,5354
0.00,5355
0.00,5356
0.00,5357
0.00,5358
0.00,5359
0.00,5360
0.00,5361
0.00,5362
0.00,5363
0.00,5364
0.00,5365
0.00,5366
0.00,5367
0.00,5368
0.00,5369
0.00,5370
0.00,5371
0.00,5372
0.00,5373
0.00,5374
0.00,5375
0.00,5376
0.00,5377
0.00,5378
0.00,5379
0.00,5380
0.00,5381
0.00,5382
0.00,5383
0.00,5384
0.00,5385
0.00,5386
0.00,5387
0.00,5388
0.00,5389
0.00,5390
0.00,5391
0.00,5392
0.00,5393
0.00,5394
0.00,5395
0.00,5396
0.00,5397
0.00,5398
0.00,5399
0.00,5400
0.00,5401
0.00,5402
0.00,5403
0.00,5404
0.00,5405
0.00,5406
0.00,5407
0.00,5408
0.00,5409
0.00,5410
0.00,5411
0.00,5412
0.00,5413
0.00,5414
0.00,5415
0.00,5416
0.00,5417
0.00,5418
0.00,5419
0.00,5420
0.00,5421
0.00,5422
0.00,5423
0.00,5424
0.00,5425
0.00,5426
0.00,5427
0.00,5428
0.00,5429
0.00,5430
0.00,5431
0.00,5432
0.00,5433
0.00,5434
0.00,5435
0.00,5436
0.00,5437
0.00,5438
0.00,5439
0.00,5440
0.00,5441
0.00,5442
0.00,5443
0.00,5444
0.00,5445
0.00,5446
0.00,5447
0.00,5448
0.00,5449
0.00,5450
0.00,5451
0.00,5452
0.00,5453
0.00,5454
0.00,5455
0.00,5456
0.00,5457
0.00,5458
0.00,5459
0.00,5460
0.00,5461
0.00,5462
0.00,5463
0.00,5464
0.00,5465
0.00,5466
0.00,5467
0.00,5468
0.00,5469
0.00,5470
0.00,5471
0.00,5472
0.00,5473
0.00,5474
0.00,5475
1.00,5476
0.00,5477
0.00,5478
0.00,5479
0.00,5480
0.00,5481
0.00,5482
0.00,5483
0.00,5484
0.00,5485
0.00,5486
0.00,5487
0.00,5488
0.00,5489
0.00,5490
0.00,5491
0.00,5492
0.00,5493
0.00,5494
0.00,5495
0.00,5496
0.00,5497
0.00,5498
0.00,5499
0.00,5500
0.00,5501
0.00,5502
0.00,5503
0.00,5504
0.00,5505
0.00,5506
0.00,5507
0.00,5508
0.00,5509
0.00,5510
0.00,5511
0.00,5512
0.00,5513
0.00,5514
0.00,5515
0.00,5516
0.00,5517
0.00,5518
0.00,5519
0.00,5520
0.00,5521
0.00,5522
0.00,5523
0.00,5524
0.00,5525
0.00,5526
0.00,5527
0.00,5528
0.00,5529
0.00,5530
0.00,5531
0.00,5532
0.00,5533
0.00,5534
0.00,5535
0.00,5536
0.00,5537
0.00,5538
0.00,5539
0.00,5540
0.00,5541
0.00,5542
0.00,5543
0.00,5544
0.00,5545
0.00,5546
0.00,5547
0.00,5548
0.00,5549
0.00,5550
0.00,5551
0.00,5552
0.00,5553
0.00,5554
0.00,5555
0.00,5556
0.00,5557
0.00,5558
0.00,5559
0.00,5560
0.00,5561
0.00,5562
0.00,5563
0.00,5564
0.00,5565
0.00,5566
0.00,5567
0.00,5568
0.00,5569
1.00,5570
0.00,5571
0.00,5572
0.00,5573
0.00,5574
0.00,5575
0.00,5576
0.00,5577
0.00,5578
0.00,5579
0.00,5580
0.00,5581
0.00,5582
0.00,5583
0.00,5584
0.00,5585
0.00,5586
0.00,5587
0.00,5588
0.00,5589
0.00,5590
0.00,5591
0.00,5592
0.00,5593
0.00,5594
0.00,5595
0.00,5596
0.00,5597
0.00,5598
0.00,5599
0.00,5600
0.00,5601
0.00,5602
0.00,5603
0.00,5604
0.00,5605
0.00,5606
0.00,5607
0.00,5608
0.00,5609
0.00,5610
0.00,5611
0.00,5612
0.00,5613
0.00,5614
0.00,5615
0.00,5616
0.00,5617
0.00,5618
0.00,5619
0.00,5620
0.00,5621
0.00,5622
0.00,5623
0.00,5624
0.00,5625
0.00,5626
0.00,5627
0.00,5628
0.00,5629
0.00,5630
0.00,5631
0.00,5632
0.00,5633
0.00,5634
0.00,5635
0.00,5636
0.00,5637
0.00,5638
0.00,5639
0.00,5640
0.00,5641
0.00,5642
0.00,5643
0.00,5644
0.00,5645
0.00,5646
0.00,5647
0.00,5648
0.00,5649
0.00,5650
0.00,5651
0.00,5652
0.00,5653
0.00,5654
0.00,5655
0.00,5656
0.00,5657
0.00,5658
0.00,5659
0.00,5660
0.00,5661
0.00,5662
0.00,5663
0.00,5664
0.00,5665
0.00,5666
0.00,5667
0.00,5668
0.00,5669
0.00,5670
0.00,5671
0.00,5672
0.00,5673
0.00,5674
0.00,5675
0.00,5676
0.00,5677
0.00,5678
0.00,5679
0.00,5680
0.00,5681
0.00,5682
0.00,5683
0.00,5684
0.00,5685
0.00,5686
0.00,5687
0.00,5688
0.00,5689
0.00,5690
0.00,5691
0.00,5692
0.00,5693
0.00,5694
0.00,5695
0.00,5696
0.00,5697
0.00,5698
0.00,5699
0.00,5700
0.00,5701
0.00,5702
0.00,5703
0.00,5704
0.00,5705
0.00,5706
0.00,5707
0.00,5708
0.00,5709
0.00,5710
0.00,5711
0.00,5712
0.00,5713
0.00,5714
0.00,5715
0.00,5716
0.00,5717
0.00,5718
0.00,5719
0.00,5720
0.00,5721
0.00,5722
0.00,5723
0.00,5724
0.00,5725
0.00,5726
0.00,5727
0.00,5728
0.00,5729
0.00,5730
0.00,5731
0.00,5732
0.00,5733
0.00,5734
0.00,5735
0.00,5736
0.00,5737
0.00,5738
0.00,5739
0.00,5740
0.00,5741
0.00,5742
0.00,5743
0.00,5744
0.00,5745
0.00,5746
0.00,5747
0.00,5748
0.00,5749
0.00,5750
0.00,5751
0.00,5752
0.00,5753
0.00,5754
0.00,5755
0.00,5756
0.00,5757
0.00,5758
0.00,5759
0.00,5760
0.00,5761
0.00,5762
0.00,5763
0.00,5764
0.00,5765
0.00,5766
0.00,5767
0.00,5768
0.00,5769
0.00,5770
0.00,5771
0.00,5772
0.00,5773
0.00,5774
0.00,5775
0.00,5776
0.00,5777
0.00,5778
0.00,5779
0.00,5780
0.00,5781
0.00,5782
0.00,5783
0.00,5784
0.00,5785
0.00,5786
0.00,5787
0.00,5788
0.00,5789
0.00,5790
0.00,5791
0.00,5792
0.00,5793
0.00,5794
0.00,5795
0.00,5796
0.00,5797
0.00,5798
0.00,5799
0.00,5800
0.00,5801
0.00,5802
0.00,5803
0.00,5804
0.00,5805
0.00,5806
0.00,5807
0.00,5808
0.00,5809
0.00,5810
0.00,5811
0.00,5812
0.00,5813
0.00,5814
0.00,5815
0.00,5816
0.00,5817
0.00,5818
0.00,5819
0.00,5820
0.00,5821
0.00,5822
0.00,5823
0.00,5824
0.00,5825
0.00,5826
0.00,5827
0.00,5828
0.00,5829
0.00,5830
0.00,5831
0.00,5832
0.00,5833
0.00,5834
0.00,5835
0.00,5836
0.00,5837
0.00,5838
0.00,5839
0.00,5840
0.00,5841
0.00,5842
0.00,5843
0.00,5844
0.00,5845
0.00,5846
0.00,5847
0.00,5848
0.00,5849
0.00,5850
0.00,5851
0.00,5852
0.00,5853
0.00,5854
0.00,5855
0.00,5856
0.00,5857
0.00,5858
0.00,5859
0.00,5860
0.00,5861
0.00,5862
0.00,5863
0.00,5864
0.00,5865
0.00,5866
0.00,5867
0.00,5868
0.00,5869
0.00,5870
0.00,5871
0.00,5872
0.00,5873
0.00,5874
0.00,5875
0.00,5876
0.00,5877
0.00,5878
0.00,5879
0.00,5880
0.00,5881
0.00,5882
0.00,5883
0.00,5884
0.00,5885
0.00,5886
0.00,5887
0.00,5888
0.00,5889
0.00,5890
0.00,5891
0.00,5892
0.00,5893
0.00,5894
0.00,5895
0.00,5896
0.00,5897
0.00,5898
0.00,5899
0.00,5900
0.00,5901
0.00,5902
0.00,5903
0.00,5904
0.00,5905
0.00,5906
0.00,5907
0.00,5908
0.00,5909
0.00,5910
0.00,5911
0.00,5912
0.00,5913
0.00,5914
0.00,5915
0.00,5916
0.00,5917
0.00,5918
0.00,5919
0.00,5920
0.00,5921
0.00,5922
0.00,5923
0.00,5924
0.00,5925
0.00,5926
0.00,5927
0.00,5928
0.00,5929
0.00,5930
0.00,5931
0.00,5932
0.00,5933
0.00,5934
0.00,5935
0.00,5936
0.00,5937
0.00,5938
0.00,5939
0.00,5940
0.00,5941
0.00,5942
0.00,5943
0.00,5944
0.00,5945
0.00,5946
0.00,5947
0.00,5948
0.00,5949
0.00,5950
0.00,5951
0.00,5952
0.00,5953
0.00,5954
0.00,5955
0.00,5956
0.00,5957
0.00,5958
0.00,5959
0.00,5960
0.00,5961
0.00,5962
0.00,5963
0.00,5964
0.00,5965
0.00,5966
0.00,5967
0.00,5968
0.00,5969
0.00,5970
0.00,5971
0.00,5972
0.00,5973
0.00,5974
0.00,5975
0.00,5976
0.00,5977
0.00,5978
0.00,5979
0.00,5980
0.00,5981
0.00,5982
0.00,5983
0.00,5984
0.00,5985
0.00,5986
0.00,5987
0.00,5988
0.00,5989
0.00,5990
0.00,5991
0.00,5992
0.00,5993
0.00,5994
0.00,5995
0.00,5996
0.00,5997
0.00,5998
0.00,5999
0.00,6000
0.00,6001
0.00,6002
0.00,6003
0.00,6004
0.00,6005
0.00,6006
0.00,6007
0.00,6008
0.00,6009
0.00,6010
0.00,6011
0.00,6012
0.00,6013
0.00,6014
0.00,6015
0.00,6016
0.00,6017
0.00,6018
0.00,6019
0.00,6020
0.00,6021
0.00,6022
0.00,6023
0.00,6024
0.00,6025
0.00,6026
0.00,6027
0.00,6028
0.00,6029
0.00,6030
0.00,6031
0.00,6032
0.00,6033
0.00,6034
0.00,6035
0.00,6036
0.00,6037
0.00,6038
0.00,6039
0.00,6040
0.00,6041
0.00,6042
0.00,6043
0.00,6044
0.00,6045
0.00,6046
0.00,6047
0.00,6048
0.00,6049
0.00,6050
0.00,6051
0.00,6052
0.00,6053
0.00,6054
0.00,6055
0.00,6056
0.00,6057
0.00,6058
0.00,6059
0.00,6060
0.00,6061
0.00,6062
0.00,6063
0.00,6064
0.00,6065
0.00,6066
0.00,6067
0.00,6068
0.00,6069
0.00,6070
0.00,6071
0.00,6072
0.00,6073
0.00,6074
0.00,6075
0.00,6076
0.00,6077
0.00,6078
0.00,6079
0.00,6080
0.00,6081
0.00,6082
0.00,6083
0.00,6084
0.00,6085
0.00,6086
0.00,6087
0.00,6088
0.00,6089
0.00,6090
0.00,6091
0.00,6092
0.00,6093
0.00,6094
0.00,6095
0.00,6096
0.00,6097
0.00,6098
0.00,6099
0.00,6100
0.00,6101
0.00,6102
0.00,6103
0.00,6104
0.00,6105
0.00,6106
0.00,6107
0.00,6108
0.00,6109
0.00,6110
0.00,6111
0.00,6112
0.00,6113
0.00,6114
0.00,6115
0.00,6116
0.00,6117
0.00,6118
0.00,6119
0.00,6120
0.00,6121
0.00,6122
0.00,6123
0.00,6124
0.00,6125
0.00,6126
0.00,6127
0.00,6128
0.00,6129
0.00,6130
0.00,6131
0.00,6132
0.00,6133
0.00,6134
0.00,6135
0.00,6136
0.00,6137
0.00,6138
0.00,6139
0.00,6140
0.00,6141
0.00,6142
0.00,6143
0.00,6144
0.00,6145
0.00,6146
0.00,6147
0.00,6148
0.00,6149
0.00,6150
0.00,6151
0.00,6152
0.00,6153
0.00,6154
0.00,6155
0.00,6156
0.00,6157
0.00,6158
0.00,6159
0.00,6160
0.00,6161
0.00,6162
0.00,6163
0.00,6164
0.00,6165
0.00,6166
0.00,6167
0.00,6168
0.00,6169
0.00,6170
0.00,6171
0.00,6172
0.00,6173
0.00,6174
0.00,6175
0.00,6176
0.00,6177
0.00,6178
0.00,6179
0.00,6180
0.00,6181
0.00,6182
0.00,6183
0.00,6184
0.00,6185
0.00,6186
0.00,6187
0.00,6188
0.00,6189
0.00,6190
0.00,6191
0.00,6192
0.00,6193
0.00,6194
0.00,6195
0.00,6196
0.00,6197
0.00,6198
0.00,6199
0.00,6200
0.00,6201
0.00,6202
0.00,6203
0.00,6204
0.00,6205
0.00,6206
0.00,6207
0.00,6208
0.00,6209
0.00,6210
0.00,6211
0.00,6212
0.00,6213
0.00,6214
0.00,6215
0.00,6216
0.00,6217
0.00,6218
0.00,6219
0.00,6220
0.00,6221
0.00,6222
0.00,6223
0.00,6224
0.00,6225
0.00,6226
0.00,6227
0.00,6228
0.00,6229
0.00,6230
0.00,6231
0.00,6232
0.00,6233
0.00,6234
0.00,6235
0.00,6236
0.00,6237
0.00,6238
0.00,6239
0.00,6240
0.00,6241
0.00,6242
0.00,6243
0.00,6244
0.00,6245
0.00,6246
0.00,6247
0.00,6248
0.00,6249
0.00,6250
0.00,6251
0.00,6252
0.00,6253
0.00,6254
0.00,6255
0.00,6256
0.00,6257
0.00,6258
0.00,6259
0.00,6260
0.00,6261
0.00,6262
0.00,6263
0.00,6264
0.00,6265
0.00,6266
0.00,6267
0.00,6268
0.00,6269
0.00,6270
0.00,6271
0.00,6272
0.00,6273
0.00,6274
0.00,6275
0.00,6276
0.00,6277
0.00,6278
0.00,6279
0.00,6280
0.00,6281
0.00,6282
0.00,6283
0.00,6284
0.00,6285
0.00,6286
0.00,6287
0.00,6288
0.00,6289
0.00,6290
0.00,6291
0.00,6292
0.00,6293
0.00,6294
0.00,6295
0.00,6296
0.00,6297
0.00,6298
0.00,6299
0.00,6300
0.00,6301
0.00,6302
0.00,6303
0.00,6304
0.00,6305
0.00,6306
0.00,6307
0.00,6308
0.00,6309
0.00,6310
0.00,6311
0.00,6312
0.00,6313
0.00,6314
0.00,6315
0.00,6316
0.00,6317
0.00,6318
0.00,6319
0.00,6320
0.00,6321
0.00,6322
0.00,6323
0.00,6324
0.00,6325
0.00,6326
0.00,6327
0.00,6328
0.00,6329
0.00,6330
0.00,6331
0.00,6332
0.00,6333
0.00,6334
0.00,6335
0.00,6336
0.00,6337
0.00,6338
0.00,6339
0.00,6340
0.00,6341
0.00,6342
0.00,6343
0.00,6344
0.00,6345
0.00,6346
0.00,6347
0.00,6348
0.00,6349
0.00,6350
0.00,6351
0.00,6352
0.00,6353
0.00,6354
0.00,6355
0.00,6356
0.00,6357
0.00,6358
0.00,6359
0.00,6360
0.00,6361
0.00,6362
0.00,6363
0.00,6364
0.00,6365
0.00,6366
0.00,6367
0.00,6368
0.00,6369
0.00,6370
0.00,6371
0.00,6372
0.00,6373
0.00,6374
0.00,6375
0.00,6376
0.00,6377
0.00,6378
0.00,6379
0.00,6380
0.00,6381
0.00,6382
0.00,6383
0.00,6384
0.00,6385
0.00,6386
0.00,6387
0.00,6388
0.00,6389
0.00,6390
0.00,6391
0.00,6392
0.00,6393
0.00,6394
0.00,6395
0.00,6396
0.00,6397
0.00,6398
3.00,6399
0.00,6400
0.00,6401
0.00,6402
0.00,6403
0.00,6404
0.00,6405
0.00,6406
0.00,6407
0.00,6408
0.00,6409
0.00,6410
0.00,6411
0.00,6412
0.00,6413
0.00,6414
0.00,6415
0.00,6416
0.00,6417
0.00,6418
0.00,6419
0.00,6420
0.00,6421
0.00,6422
0.00,6423
0.00,6424
0.00,6425
0.00,6426
0.00,6427
0.00,6428
0.00,6429
0.00,6430
0.00,6431
0.00,6432
0.00,6433
0.00,6434
0.00,6435
0.00,6436
0.00,6437
0.00,6438
0.00,6439
0.00,6440
0.00,6441
0.00,6442
0.00,6443
0.00,6444
0.00,6445
0.00,6446
0.00,6447
0.00,6448
0.00,6449
0.00,6450
0.00,6451
0.00,6452
0.00,6453
0.00,6454
0.00,6455
0.00,6456
0.00,6457
0.00,6458
0.00,6459
0.00,6460
0.00,6461
0.00,6462
0.00,6463
0.00,6464
0.00,6465
0.00,6466
0.00,6467
0.00,6468
0.00,6469
0.00,6470
0.00,6471
0.00,6472
0.00,6473
0.00,6474
0.00,6475
0.00,6476
0.00,6477
0.00,6478
0.00,6479
0.00,6480
0.00,6481
0.00,6482
0.00,6483
0.00,6484
0.00,6485
0.00,6486
0.00,6487
0.00,6488
0.00,6489
0.00,6490
0.00,6491
0.00,6492
0.00,6493
0.00,6494
0.00,6495
0.00,6496
0.00,6497
0.00,6498
0.00,6499
0.00,6500
0.00,6501
0.00,6502
0.00,6503
0.00,6504
0.00,6505
0.00,6506
0.00,6507
0.00,6508
0.00,6509
0.00,6510
0.00,6511
0.00,6512
0.00,6513
0.00,6514
0.00,6515
0.00,6516
0.00,6517
0.00,6518
0.00,6519
0.00,6520
0.00,6521
0.00,6522
0.00,6523
0.00,6524
0.00,6525
0.00,6526
0.00,6527
0.00,6528
0.00,6529
0.00,6530
0.00,6531
0.00,6532
0.00,6533
0.00,6534
0.00,6535
0.00,6536
0.00,6537
0.00,6538
0.00,6539
0.00,6540
0.00,6541
0.00,6542
0.00,6543
0.00,6544
0.00,6545
0.00,6546
0.00,6547
0.00,6548
0.00,6549
0.00,6550
0.00,6551
0.00,6552
0.00,6553
0.00,6554
0.00,6555
0.00,6556
0.00,6557
0.00,6558
0.00,6559
0.00,6560
0.00,6561
0.00,6562
0.00,6563
0.00,6564
0.00,6565
0.00,6566
0.00,6567
0.00,6568
0.00,6569
0.00,6570
0.00,6571
0.00,6572
0.00,6573
0.00,6574
0.00,6575
0.00,6576
0.00,6577
0.00,6578
0.00,6579
0.00,6580
0.00,6581
0.00,6582
0.00,6583
0.00,6584
0.00,6585
0.00,6586
0.00,6587
0.00,6588
0.00,6589
0.00,6590
0.00,6591
0.00,6592
0.00,6593
0.00,6594
0.00,6595
0.00,6596
0.00,6597
0.00,6598
0.00,6599
0.00,6600
0.00,6601
0.00,6602
0.00,6603
0.00,6604
0.00,6605
0.00,6606
0.00,6607
0.00,6608
0.00,6609
0.00,6610
0.00,6611
0.00,6612
0.00,6613
0.00,6614
0.00,6615
0.00,6616
0.00,6617
0.00,6618
0.00,6619
0.00,6620
0.00,6621
0.00,6622
0.00,6623
0.00,6624
0.00,6625
0.00,6626
0.00,6627
0.00,6628
0.00,6629
0.00,6630
0.00,6631
0.00,6632
0.00,6633
0.00,6634
0.00,6635
0.00,6636
0.00,6637
0.00,6638
0.00,6639
0.00,6640
0.00,6641
0.00,6642
0.00,6643
0.00,6644
0.00,6645
0.00,6646
0.00,6647
0.00,6648
0.00,6649
0.00,6650
0.00,6651
0.00,6652
0.00,6653
0.00,6654
0.00,6655
0.00,6656
0.00,6657
0.00,6658
0.00,6659
0.00,6660
0.00,6661
0.00,6662
0.00,6663
0.00,6664
0.00,6665
0.00,6666
0.00,6667
0.00,6668
0.00,6669
0.00,6670
0.00,6671
0.00,6672
0.00,6673
0.00,6674
0.00,6675
0.00,6676
0.00,6677
0.00,6678
0.00,6679
0.00,6680
0.00,6681
0.00,6682
0.00,6683
0.00,6684
0.00,6685
0.00,6686
0.00,6687
0.00,6688
0.00,6689
0.00,6690
0.00,6691
0.00,6692
0.00,6693
0.00,6694
0.00,6695
0.00,6696
0.00,6697
0.00,6698
0.00,6699
0.00,6700
0.00,6701
0.00,6702
0.00,6703
0.00,6704
0.00,6705
0.00,6706
0.00,6707
0.00,6708
0.00,6709
0.00,6710
0.00,6711
0.00,6712
0.00,6713
0.00,6714
0.00,6715
0.00,6716
0.00,6717
0.00,6718
0.00,6719
0.00,6720
0.00,6721
0.00,6722
0.00,6723
0.00,6724
0.00,6725
0.00,6726
0.00,6727
0.00,6728
0.00,6729
0.00,6730
0.00,6731
0.00,6732
0.00,6733
0.00,6734
0.00,6735
0.00,6736
0.00,6737
0.00,6738
0.00,6739
0.00,6740
1.00,6741
0.00,6742
0.00,6743
0.00,6744
0.00,6745
0.00,6746
0.00,6747
0.00,6748
0.00,6749
0.00,6750
0.00,6751
0.00,6752
0.00,6753
0.00,6754
0.00,6755
0.00,6756
0.00,6757
0.00,6758
0.00,6759
0.00,6760
0.00,6761
0.00,6762
0.00,6763
0.00,6764
0.00,6765
0.00,6766
0.00,6767
0.00,6768
0.00,6769
0.00,6770
0.00,6771
0.00,6772
0.00,6773
0.00,6774
0.00,6775
0.00,6776
0.00,6777
0.00,6778
0.00,6779
0.00,6780
0.00,6781
0.00,6782
0.00,6783
0.00,6784
0.00,6785
0.00,6786
0.00,6787
0.00,6788
0.00,6789
0.00,6790
0.00,6791
0.00,6792
0.00,6793
0.00,6794
0.00,6795
0.00,6796
0.00,6797
0.00,6798
0.00,6799
0.00,6800
0.00,6801
0.00,6802
0.00,6803
0.00,6804
0.00,6805
0.00,6806
0.00,6807
0.00,6808
0.00,6809
0.00,6810
0.00,6811
0.00,6812
0.00,6813
0.00,6814
0.00,6815
0.00,6816
0.00,6817
0.00,6818
0.00,6819
0.00,6820
0.00,6821
0.00,6822
0.00,6823
0.00,6824
0.00,6825
0.00,6826
0.00,6827
0.00,6828
0.00,6829
0.00,6830
0.00,6831
0.00,6832
0.00,6833
0.00,6834
0.00,6835
0.00,6836
0.00,6837
0.00,6838
0.00,6839
0.00,6840
0.00,6841
0.00,6842
0.00,6843
0.00,6844
0.00,6845
0.00,6846
0.00,6847
0.00,6848
0.00,6849
0.00,6850
0.00,6851
0.00,6852
0.00,6853
0.00,6854
0.00,6855
0.00,6856
0.00,6857
0.00,6858
0.00,6859
0.00,6860
0.00,6861
0.00,6862
0.00,6863
0.00,6864
0.00,6865
0.00,6866
0.00,6867
0.00,6868
0.00,6869
0.00,6870
0.00,6871
0.00,6872
0.00,6873
0.00,6874
0.00,6875
0.00,6876
0.00,6877
0.00,6878
0.00,6879
0.00,6880
0.00,6881
0.00,6882
0.00,6883
0.00,6884
0.00,6885
0.00,6886
0.00,6887
0.00,6888
0.00,6889
0.00,6890
0.00,6891
0.00,6892
0.00,6893
0.00,6894
0.00,6895
0.00,6896
0.00,6897
0.00,6898
0.00,6899
0.00,6900
0.00,6901
0.00,6902
0.00,6903
0.00,6904
0.00,6905
0.00,6906
0.00,6907
0.00,6908
0.00,6909
0.00,6910
0.00,6911
0.00,6912
0.00,6913
0.00,6914
0.00,6915
0.00,6916
0.00,6917
0.00,6918
0.00,6919
0.00,6920
0.00,6921
0.00,6922
0.00,6923
0.00,6924
0.00,6925
0.00,6926
0.00,6927
0.00,6928
0.00,6929
0.00,6930
0.00,6931
0.00,6932
0.00,6933
0.00,6934
0.00,6935
0.00,6936
0.00,6937
0.00,6938
0.00,6939
0.00,6940
0.00,6941
0.00,6942
0.00,6943
0.00,6944
0.00,6945
0.00,6946
0.00,6947
0.00,6948
0.00,6949
0.00,6950
0.00,6951
0.00,6952
0.00,6953
0.00,6954
0.00,6955
0.00,6956
0.00,6957
0.00,6958
0.00,6959
0.00,6960
0.00,6961
0.00,6962
0.00,6963
0.00,6964
0.00,6965
0.00,6966
0.00,6967
0.00,6968
0.00,6969
0.00,6970
0.00,6971
0.00,6972
0.00,6973
0.00,6974
0.00,6975
0.00,6976
0.00,6977
0.00,6978
0.00,6979
0.00,6980
0.00,6981
0.00,6982
0.00,6983
0.00,6984
0.00,6985
0.00,6986
0.00,6987
0.00,6988
0.00,6989
0.00,6990
0.00,6991
0.00,6992
0.00,6993
0.00,6994
0.00,6995
0.00,6996
0.00,6997
0.00,6998
0.00,6999
0.00,7000
0.00,7001
0.00,7002
0.00,7003
0.00,7004
0.00,7005
0.00,7006
0.00,7007
0.00,7008
0.00,7009
0.00,7010
0.00,7011
0.00,7012
0.00,7013
0.00,7014
0.00,7015
0.00,7016
0.00,7017
0.00,7018
0.00,7019
0.00,7020
0.00,7021
0.00,7022
0.00,7023
0.00,7024
0.00,7025
0.00,7026
0.00,7027
0.00,7028
0.00,7029
0.00,7030
0.00,7031
0.00,7032
0.00,7033
0.00,7034
0.00,7035
0.00,7036
0.00,7037
0.00,7038
0.00,7039
0.00,7040
0.00,7041
0.00,7042
0.00,7043
0.00,7044
0.00,7045
0.00,7046
0.00,7047
0.00,7048
0.00,7049
0.00,7050
0.00,7051
0.00,7052
0.00,7053
0.00,7054
0.00,7055
0.00,7056
0.00,7057
0.00,7058
0.00,7059
0.00,7060
0.00,7061
0.00,7062
0.00,7063
0.00,7064
0.00,7065
0.00,7066
0.00,7067
0.00,7068
0.00,7069
0.00,7070
0.00,7071
0.00,7072
0.00,7073
0.00,7074
0.00,7075
0.00,7076
0.00,7077
0.00,7078
0.00,7079
0.00,7080
0.00,7081
0.00,7082
0.00,7083
0.00,7084
0.00,7085
0.00,7086
0.00,7087
0.00,7088
0.00,7089
0.00,7090
0.00,7091
0.00,7092
0.00,7093
0.00,7094
0.00,7095
0.00,7096
0.00,7097
0.00,7098
0.00,7099
0.00,7100
0.00,7101
0.00,7102
0.00,7103
0.00,7104
0.00,7105
0.00,7106
0.00,7107
0.00,7108
0.00,7109
0.00,7110
0.00,7111
0.00,7112
0.00,7113
0.00,7114
0.00,7115
0.00,7116
0.00,7117
0.00,7118
0.00,7119
0.00,7120
0.00,7121
0.00,7122
0.00,7123
0.00,7124
0.00,7125
0.00,7126
0.00,7127
0.00,7128
0.00,7129
2.00,7130
0.00,7131
0.00,7132
0.00,7133
0.00,7134
0.00,7135
0.00,7136
0.00,7137
0.00,7138
0.00,7139
0.00,7140
0.00,7141
0.00,7142
0.00,7143
0.00,7144
0.00,7145
0.00,7146
0.00,7147
0.00,7148
0.00,7149
0.00,7150
0.00,7151
0.00,7152
0.00,7153
0.00,7154
0.00,7155
0.00,7156
0.00,7157
0.00,7158
0.00,7159
0.00,7160
0.00,7161
0.00,7162
0.00,7163
0.00,7164
0.00,7165
0.00,7166
0.00,7167
0.00,7168
0.00,7169
0.00,7170
0.00,7171
0.00,7172
0.00,7173
0.00,7174
0.00,7175
0.00,7176
0.00,7177
0.00,7178
0.00,7179
0.00,7180
0.00,7181
0.00,7182
0.00,7183
0.00,7184
0.00,7185
0.00,7186
0.00,7187
0.00,7188
0.00,7189
0.00,7190
0.00,7191
0.00,7192
0.00,7193
0.00,7194
0.00,7195
0.00,7196
0.00,7197
0.00,7198
0.00,7199
0.00,7200
0.00,7201
0.00,7202
0.00,7203
0.00,7204
0.00,7205
0.00,7206
0.00,7207
0.00,7208
0.00,7209
0.00,7210
0.00,7211
0.00,7212
0.00,7213
0.00,7214
0.00,7215
0.00,7216
0.00,7217
0.00,7218
0.00,7219
0.00,7220
0.00,7221
0.00,7222
0.00,7223
0.00,7224
0.00,7225
0.00,7226
0.00,7227
0.00,7228
0.00,7229
0.00,7230
0.00,7231
0.00,7232
0.00,7233
0.00,7234
0.00,7235
0.00,7236
0.00,7237
0.00,7238
0.00,7239
0.00,7240
0.00,7241
0.00,7242
0.00,7243
0.00,7244
0.00,7245
0.00,7246
0.00,7247
1.00,7248
0.00,7249
0.00,7250
0.00,7251
0.00,7252
0.00,7253
0.00,7254
0.00,7255
0.00,7256
0.00,7257
0.00,7258
0.00,7259
0.00,7260
0.00,7261
0.00,7262
0.00,7263
0.00,7264
0.00,7265
0.00,7266
0.00,7267
0.00,7268
0.00,7269
0.00,7270
0.00,7271
0.00,7272
0.00,7273
0.00,7274
0.00,7275
0.00,7276
0.00,7277
0.00,7278
0.00,7279
0.00,7280
0.00,7281
0.00,7282
0.00,7283
0.00,7284
0.00,7285
0.00,7286
0.00,7287
0.00,7288
0.00,7289
0.00,7290
0.00,7291
0.00,7292
0.00,7293
0.00,7294
0.00,7295
0.00,7296
0.00,7297
0.00,7298
0.00,7299
0.00,7300
0.00,7301
0.00,7302
0.00,7303
0.00,7304
0.00,7305
0.00,7306
0.00,7307
0.00,7308
0.00,7309
0.00,7310
0.00,7311
0.00,7312
0.00,7313
0.00,7314
0.00,7315
0.00,7316
0.00,7317
0.00,7318
0.00,7319
0.00,7320
0.00,7321
0.00,7322
0.00,7323
0.00,7324
0.00,7325
0.00,7326
0.00,7327
0.00,7328
0.00,7329
0.00,7330
0.00,7331
0.00,7332
0.00,7333
0.00,7334
0.00,7335
0.00,7336
0.00,7337
0.00,7338
0.00,7339
0.00,7340
0.00,7341
0.00,7342
0.00,7343
0.00,7344
0.00,7345
0.00,7346
0.00,7347
0.00,7348
0.00,7349
0.00,7350
0.00,7351
0.00,7352
0.00,7353
0.00,7354
0.00,7355
0.00,7356
0.00,7357
0.00,7358
0.00,7359
0.00,7360
0.00,7361
0.00,7362
0.00,7363
0.00,7364
0.00,7365
0.00,7366
0.00,7367
0.00,7368
0.00,7369
0.00,7370
0.00,7371
0.00,7372
0.00,7373
0.00,7374
0.00,7375
0.00,7376
0.00,7377
0.00,7378
0.00,7379
0.00,7380
0.00,7381
0.00,7382
0.00,7383
0.00,7384
0.00,7385
0.00,7386
0.00,7387
0.00,7388
0.00,7389
0.00,7390
0.00,7391
0.00,7392
0.00,7393
0.00,7394
0.00,7395
0.00,7396
0.00,7397
0.00,7398
0.00,7399
0.00,7400
0.00,7401
0.00,7402
0.00,7403
0.00,7404
0.00,7405
0.00,7406
0.00,7407
0.00,7408
0.00,7409
0.00,7410
0.00,7411
0.00,7412
0.00,7413
0.00,7414
0.00,7415
0.00,7416
0.00,7417
0.00,7418
0.00,7419
0.00,7420
0.00,7421
0.00,7422
0.00,7423
0.00,7424
0.00,7425
0.00,7426
0.00,7427
0.00,7428
0.00,7429
0.00,7430
0.00,7431
0.00,7432
0.00,7433
0.00,7434
0.00,7435
0.00,7436
0.00,7437
0.00,7438
0.00,7439
0.00,7440
0.00,7441
0.00,7442
0.00,7443
0.00,7444
0.00,7445
0.00,7446
0.00,7447
0.00,7448
0.00,7449
0.00,7450
0.00,7451
0.00,7452
0.00,7453
0.00,7454
0.00,7455
0.00,7456
0.00,7457
0.00,7458
0.00,7459
0.00,7460
0.00,7461
0.00,7462
0.00,7463
0.00,7464
0.00,7465
0.00,7466
0.00,7467
0.00,7468
0.00,7469
0.00,7470
0.00,7471
0.00,7472
0.00,7473
0.00,7474
0.00,7475
0.00,7476
0.00,7477
0.00,7478
0.00,7479
0.00,7480
0.00,7481
0.00,7482
0.00,7483
0.00,7484
0.00,7485
0.00,7486
0.00,7487
0.00,7488
0.00,7489
0.00,7490
0.00,7491
0.00,7492
0.00,7493
0.00,7494
0.00,7495
0.00,7496
0.00,7497
0.00,7498
0.00,7499
0.00,7500
0.00,7501
0.00,7502
0.00,7503
0.00,7504
0.00,7505
0.00,7506
0.00,7507
0.00,7508
0.00,7509
0.00,7510
0.00,7511
0.00,7512
0.00,7513
0.00,7514
0.00,7515
0.00,7516
0.00,7517
0.00,7518
0.00,7519
0.00,7520
0.00,7521
0.00,7522
0.00,7523
0.00,7524
0.00,7525
0.00,7526
0.00,7527
0.00,7528
0.00,7529
0.00,7530
0.00,7531
0.00,7532
0.00,7533
0.00,7534
0.00,7535
0.00,7536
0.00,7537
0.00,7538
0.00,7539
0.00,7540
